X_k,Y_k,Altura,Orientacao_k,Tempo
44.08589172363281,-298.72393798828125,5.032999515533447,179.93975915930957,1607527528.7508855
29.634562174479164,-199.84476725260416,-35.931724548339844,-118.63131442131795,1607527660.599539
38.89201545715332,-262.29658126831055,-35.92633056640625,-155.6667421049771,1607527660.8002589
42.3222659883045,-285.493649437314,-35.92262268066406,-169.4039130552784,1607527661.00105
43.60503595525569,-294.3194946289062,-35.92668151855469,-174.61155669983228,1607527661.2018533
44.07333416408963,-297.6897496117486,-35.93130111694336,-176.59414802277053,1607527661.4026527
44.21934866462526,-298.9784514328529,-35.93766403198242,-177.3685886192285,1607527661.603515
44.218797132961654,-299.4729865633608,-35.94700241088867,-177.6760470210397,1607527661.8043432
44.20094445024851,-299.6625419593079,-35.94956970214844,-177.79694908775753,1607527662.0091336
44.14613848712298,-299.73664313948603,-35.95432662963867,-177.84252197887494,1607527662.2098987
44.04732309909726,-299.7679838755945,-35.96171569824219,-177.84701334358257,1607527662.4106686
43.93222806896318,-299.7865185648758,-35.97052001953125,-177.846713769418,1607527662.6121385
43.8147694652591,-299.7987660729515,-35.97699737548828,-177.84316220336854,1607527662.8129108
43.66478304178489,-299.81027185075226,-35.98680877685547,-177.84508394225762,1607527663.0137095
43.51393382876294,-299.8217206436054,-35.99724578857422,-177.83836624000853,1607527663.2144494
43.3821652837218,-299.83360033175825,-36.00836181640625,-177.83499930541203,1607527663.415206
43.24637543783751,-299.8454371373642,-36.01847457885742,-177.8383996599366,1607527663.6159945
43.13236402238465,-299.8545604545181,-36.02403259277344,-177.85029484106545,1607527663.8167484
43.029688971220665,-299.86211920609645,-36.029151916503906,-177.85947097107723,1607527664.0175605
42.955429395890114,-299.86830704988057,-36.03329849243164,-177.8654570109239,1607527664.2183404
42.838887694487575,-299.8806102904713,-36.04529190063477,-177.8666247634975,1607527664.4191082
42.74113783389687,-299.89060962325567,-36.051734924316406,-177.86664388246106,1607527664.6199622
42.650476228507564,-299.8994648889575,-36.060508728027344,-177.86706664292205,1607527664.8209093
42.526860847996616,-299.9105236859942,-36.07712173461914,-177.87211140407845,1607527665.0216188
42.41520334988131,-299.91959502202513,-36.08673477172852,-177.86606781436504,1607527665.2223113
42.3115130337292,-299.9273225275866,-36.095211029052734,-177.86913076542436,1607527665.42287
42.153047819700646,-299.937252705261,-36.11008834838867,-177.86888381409082,1607527665.6235738
41.67575489006669,-299.7761259813352,-36.0926513671875,-177.70616744545288,1607527685.9006221
41.469220744411146,-299.7154486507161,-36.092079162597656,-177.54312630330404,1607527686.1013622
41.32918939629693,-299.695082246946,-36.10031127929688,-177.5096644339985,1607527686.3021488
41.100368891816444,-299.697393554721,-36.09035873413086,-177.5599969455295,1607527686.904317
40.97501203171251,-299.70101122631024,-36.09320068359375,-177.55636582749585,1607527687.1084578
40.87792895521614,-299.70588232049624,-36.09382629394531,-177.520119069619,1607527687.309403
40.77176847151537,-299.7125147207484,-36.096046447753906,-177.4635323296944,1607527687.5102315
40.666134522480654,-299.720234819865,-36.09922790527344,-177.4565344352041,1607527687.7109165
40.54524989902834,-299.7285024092821,-36.10306167602539,-177.46304308342025,1607527687.911777
40.25972653856514,-299.7526902515316,-36.08824157714844,-177.48780955077436,1607527688.5139966
40.06988744006896,-299.7705486167011,-36.09123229980469,-177.45510063400604,1607527688.7148786
39.96302965696177,-299.78055739740284,-36.09010696411133,-177.4122833571846,1607527688.9158738
39.8567898670445,-299.78988779440135,-36.094017028808594,-177.37894665960147,1607527689.116816
39.78765683245544,-299.79569613609,-36.0960578918457,-177.37155420768062,1607527689.3177288
39.63899636332878,-299.8060249124271,-36.10370635986328,-177.37115470368735,1607527689.5186589
39.308091146134345,-299.8306605618132,-36.08938980102539,-177.40277158818773,1607527690.1208613
38.94801475781003,-299.8649480703502,-36.08713912963867,-177.32039078473727,1607527690.3216436
38.569687771716396,-299.8952270136097,-36.10051727294922,-177.31942185603413,1607527690.5225782
38.22690214739708,-299.92186240031936,-36.084415435791016,-177.33535504147042,1607527691.1254368
38.041202349831764,-299.93744929119265,-36.08747100830078,-177.34582282085492,1607527691.329383
37.899964974506844,-299.95096617484205,-36.094635009765625,-177.32306177081963,1607527691.5301552
37.786044149136536,-299.9618062960354,-36.09509658813477,-177.2785007609899,1607527691.7308805
37.69258424364074,-299.9700019475042,-36.09772872924805,-177.25306297094042,1607527691.9316823
37.6283539090415,-299.97541457677016,-36.099708557128906,-177.24459555505277,1607527692.1324403
37.52851324371993,-299.9838381406617,-36.10333251953125,-177.24555672313454,1607527692.3331664
37.3378965526466,-300.0003148688384,-36.08720016479492,-177.25992311460436,1607527692.7344162
37.179171338314916,-300.01307770786224,-36.08947372436523,-177.28682609029872,1607527692.9350507
37.020818302799285,-300.02555362149224,-36.09301376342773,-177.22333946803505,1607527693.1357965
36.86786726057835,-300.0363922064306,-36.0994987487793,-177.19737742267566,1607527693.3372586
36.689643078475235,-300.04726551897835,-36.10650634765625,-177.1990388336743,1607527693.5381505
36.355312880893344,-300.06462138517617,-36.09140396118164,-177.2372882863866,1607527694.1398892
36.13762003720214,-300.0761357093983,-36.09307098388672,-177.20219857779108,1607527694.3415127
35.96887564577669,-300.0848152143152,-36.09754943847656,-177.1612355337126,1607527694.5487401
35.80898722456561,-300.09026177194846,-36.105865478515625,-177.17066453980718,1607527694.7495458
35.5024524496628,-300.0976986675948,-36.09126663208008,-177.227549895535,1607527695.3513956
35.336625302174646,-300.1015577975898,-36.092227935791016,-177.21555970000534,1607527695.5521314
35.253716783785954,-300.10337135029056,-36.0923957824707,-177.19421993991352,1607527695.7529974
35.15679218947783,-300.1056483814268,-36.09523010253906,-177.1413868602264,1607527695.9537225
35.05659570245399,-300.1085928289864,-36.10108947753906,-177.1268924130184,1607527696.1545956
34.78926077057216,-300.118450104824,-36.08338165283203,-177.1592793968767,1607527696.7564626
34.63580854171559,-300.1249123579341,-36.08166122436523,-177.16583502982695,1607527696.957253
34.51402749243559,-300.13070023747247,-36.08216094970703,-177.10882957027425,1607527697.1580398
34.41335926774604,-300.135362927803,-36.08492660522461,-177.05963030426665,1607527697.3588152
34.307097774851194,-300.1403125483202,-36.09077453613281,-177.05349964467763,1607527697.5596905
34.224850482202704,-300.1442966950858,-36.09490585327149,-177.05651465228,1607527697.7615538
34.149988727509935,-300.1479120636936,-36.098934173583984,-177.06377901191252,1607527697.962368
34.01445513325058,-300.1545740637698,-36.10808563232422,-177.0745372837421,1607527698.1631188
33.698529564409874,-300.173848340141,-36.0890998840332,-177.12481423148589,1607527698.7650106
33.524577048627414,-300.18537871762453,-36.08919143676758,-177.11517902138263,1607527698.9657454
33.412833932165746,-300.191574715471,-36.08968353271485,-177.0633258209736,1607527699.1664975
33.33928363834718,-300.1948466992799,-36.091121673583984,-177.02484778936343,1607527699.3672676
33.204873387284536,-300.1999252486929,-36.10070037841797,-177.01551216162127,1607527699.568078
32.966916417078274,-300.2116727502337,-36.087318420410156,-177.0347406622597,1607527699.969343
32.81708227053317,-300.21974346764114,-36.09461975097656,-177.06550763970657,1607527700.1702
32.68471596433223,-300.22733396260514,-36.09622192382813,-177.02019061617335,1607527700.3708858
32.57428024796598,-300.2327417734612,-36.10100173950195,-176.99220837981665,1607527700.5716538
32.32281936315577,-300.2445584589804,-36.08420181274414,-177.02919866692633,1607527701.173583
32.15273374455955,-300.25167483548825,-36.087650299072266,-177.02666996917822,1607527701.3750215
32.03431149071666,-300.25626027859056,-36.08709335327149,-176.9950080376997,1607527701.578892
31.95401933709625,-300.2591999987359,-36.08865356445313,-176.96878988815936,1607527701.7796216
31.859043044260837,-300.2629822588895,-36.09272766113281,-176.95691179300408,1607527701.9803872
31.76609421644517,-300.2670297579878,-36.0965461730957,-176.96203269847092,1607527702.1812382
31.60702609118776,-300.2722347797778,-36.10528564453125,-176.98144702913822,1607527702.3819695
31.317402233929723,-300.2799943567533,-36.088340759277344,-176.9980223352751,1607527702.9838436
31.144354435281215,-300.28327888672874,-36.09722137451172,-177.01573845601567,1607527703.1847956
30.958069684437977,-300.2858348676792,-36.10408401489258,-176.95819025693297,1607527703.3856876
30.68243950327031,-300.2892253607963,-36.09024429321289,-176.99744499495978,1607527703.9878607
30.495543489353246,-300.2890492636866,-36.09933471679688,-177.01748049123455,1607527704.188771
30.371919121559227,-300.28873680886903,-36.09977340698242,-176.97145378545838,1607527704.3896642
30.258249504700213,-300.28950392407387,-36.10560989379883,-176.928357940733,1607527704.5906155
30.05896037729708,-300.29181505236613,-36.08855438232422,-176.93903749817213,1607527704.991892
29.90687289089149,-300.2937917570525,-36.09429168701172,-176.9880603506409,1607527705.1926975
29.816889215154994,-300.29530122707837,-36.09785079956055,-176.97038519134856,1607527705.3948472
29.72086694083062,-300.29757527437147,-36.09896469116211,-176.9334905304692,1607527705.5955772
29.63020036793268,-300.29963211987916,-36.10391616821289,-176.89933912037986,1607527705.7962766
29.39532499535545,-300.30835820407896,-36.09126281738281,-176.93532566575348,1607527706.3980653
29.228470681767,-300.3147467375413,-36.09891891479492,-176.95690867569934,1607527706.5988214
29.112681919667544,-300.31954455275263,-36.10005569458008,-176.91964999085698,1607527706.799844
28.8729353802713,-300.3287329063005,-36.08922576904297,-176.9721673652477,1607527707.402025
28.74519928935526,-300.33186532704445,-36.09704971313477,-176.9659623643761,1607527707.602933
28.644562186255637,-300.3332315534064,-36.100181579589844,-176.91482155649075,1607527707.8040974
28.436356446486432,-300.3376198900501,-36.08860778808594,-176.9138806787155,1607527708.4061546
28.320110293623486,-300.3398430516095,-36.08912658691406,-176.94196052069358,1607527708.6069152
28.21856204328102,-300.3401452576471,-36.09431457519531,-176.9167995603602,1607527708.807752
28.114364460090886,-300.34010980287763,-36.10188293457031,-176.84352305740313,1607527709.0088243
27.898549885834683,-300.3410770271886,-36.09458541870117,-176.8858043875518,1607527709.6106439
27.734038129830687,-300.34212546641993,-36.10589218139648,-176.88116166257225,1607527709.811847
27.545240063971786,-300.34328037059254,-36.09441375732422,-176.8863664444978,1607527710.4173546
27.409651616684,-300.345173794074,-36.106746673583984,-176.8808202838458,1607527710.6185462
27.223279482530256,-300.3500275547061,-36.09672546386719,-176.8748772594662,1607527711.2216175
27.11459619157465,-300.3530509021275,-36.09714889526367,-176.90414669547556,1607527711.4223554
27.025863425141686,-300.3560540863352,-36.102874755859375,-176.84620630046484,1607527711.6233234
26.828711748050402,-300.3610865461384,-36.09254455566406,-176.88019279417483,1607527712.2281628
26.71729142023379,-300.363178522841,-36.09371948242188,-176.85412499351688,1607527712.4289196
26.63604893504702,-300.3645622747543,-36.0953369140625,-176.78726935741622,1607527712.629601
26.535603059033836,-300.3674295726196,-36.10198593139648,-176.75835990866696,1607527712.8315806
26.262600651732523,-300.37678585738286,-36.08879089355469,-176.81647020704733,1607527713.4335241
26.133164927452064,-300.38122724157864,-36.08758163452149,-176.8179411908712,1607527713.63422
26.067960703706493,-300.38354610910204,-36.0877799987793,-176.78263548426625,1607527713.8348794
25.976615026696592,-300.3866008412421,-36.0944709777832,-176.74311307055817,1607527714.0356169
25.88216018010653,-300.3902384230633,-36.10196304321289,-176.74799864471188,1607527714.2364562
25.64657103324592,-300.40192590737456,-36.09167861938477,-176.78379219930662,1607527714.838735
25.53715490136154,-300.4073708959663,-36.091880798339844,-176.80712159677478,1607527715.0394685
25.452990644846068,-300.41154425649944,-36.09425735473633,-176.83389848256616,1607527715.2402284
25.34947782709352,-300.41596747345613,-36.09826278686523,-176.75886392342082,1607527715.4428158
25.280024881927606,-300.41843028891594,-36.10151672363281,-176.70979460371495,1607527715.6435502
25.09238876273065,-300.4254253497855,-36.08738708496094,-176.76607944317223,1607527716.044808
24.964872195034967,-300.43200143169514,-36.09201049804688,-176.77254472926808,1607527716.245441
24.848854182711314,-300.43992634992554,-36.09558486938477,-176.71866690884895,1607527716.4462314
24.74947366739097,-300.4470839365488,-36.09875869750977,-176.6702900089189,1607527716.6468885
24.669913614614284,-300.4528544963477,-36.10258483886719,-176.64971478828386,1607527716.8476222
24.44517105022516,-300.47437221620515,-36.08912658691406,-176.73044624170686,1607527717.4495811
24.309021471200083,-300.48709900905834,-36.08782958984375,-176.76228917000665,1607527717.6516056
24.223353788529334,-300.4952042862526,-36.086952209472656,-176.70546344820642,1607527717.8537073
24.14683663444293,-300.5026193728752,-36.08650588989258,-176.6438184673254,1607527718.0546038
24.05397771912242,-300.510751596986,-36.08916091918945,-176.62259268719563,1607527718.2553265
23.932688135772693,-300.51996876196574,-36.09450149536133,-176.6309503397458,1607527718.4561086
23.780212846812734,-300.5331650476828,-36.10216903686523,-176.63759698420964,1607527718.6568446
23.527780636960156,-300.55408645855243,-36.08479690551758,-176.67323289436936,1607527719.259119
23.354272075743946,-300.57252666530877,-36.08697509765625,-176.6893636885628,1607527719.4600794
23.231343093908418,-300.58786899376577,-36.08533096313477,-176.61590843033338,1607527719.6608346
23.1128136411297,-300.6051400865938,-36.0884017944336,-176.573998156593,1607527719.8638706
23.01975061210413,-300.61779140610315,-36.09228515625,-176.57245126411837,1607527720.0646126
22.935600336238476,-300.628074580408,-36.09583282470703,-176.5841815409072,1607527720.265349
22.768753239395362,-300.64628010518567,-36.10598373413086,-176.61477100775545,1607527720.4661145
22.4207211774899,-300.68392068203906,-36.08590698242188,-176.66976611814013,1607527721.0680802
22.246664459430306,-300.7029190236721,-36.08577728271485,-176.6505351915094,1607527721.268877
22.112052778754716,-300.7169090859373,-36.08451461791992,-176.58216109524187,1607527721.4709964
21.981652134607796,-300.7282694414887,-36.08869171142578,-176.55827392614933,1607527721.6717055
21.88557773168477,-300.7351737936579,-36.092140197753906,-176.55420516262106,1607527721.8724725
21.728848625402314,-300.7440539795935,-36.10015106201172,-176.55809962845981,1607527722.0732932
21.461333170576054,-300.75930941523137,-36.079872131347656,-176.58249703223854,1607527722.4746895
21.253619905626607,-300.7716246229161,-36.08582305908203,-176.55381054043656,1607527722.6754544
21.049186754334176,-300.7842501918981,-36.087738037109375,-176.49229133857446,1607527722.876168
20.89987322690138,-300.7940520078633,-36.09060668945313,-176.4628846078506,1607527723.077051
20.79744234681305,-300.80073826889407,-36.09280395507813,-176.46232035411296,1607527723.280669
20.646841058307608,-300.8103838919516,-36.09858703613281,-176.4710420142394,1607527723.4815314
20.480900492150695,-300.8248754881237,-36.10324478149414,-176.48478420471397,1607527723.6824179
20.14050443221252,-300.85798542189326,-36.0804557800293,-176.52095269353995,1607527724.2887516
19.95613820086569,-300.8772713282165,-36.07790756225586,-176.519240574684,1607527724.4896946
19.815456175955042,-300.89218224914237,-36.075462341308594,-176.45177142926457,1607527724.6918688
19.6822547348638,-300.9049316909328,-36.07849502563477,-176.4197914527902,1607527724.8929186
19.560565418269142,-300.91557297992307,-36.08177947998047,-176.42927307192295,1607527725.0937798
19.380233139521852,-300.9295395634144,-36.08764266967773,-176.45267030016453,1607527725.2946887
19.17195024364435,-300.94413502576435,-36.09407043457031,-176.45977527315475,1607527725.496241
18.972355412848266,-300.9578956271329,-36.09885025024414,-176.46041269889398,1607527725.697183
18.80936154422441,-300.96890428381346,-36.10005187988281,-176.45687365923743,1607527725.8980727
18.504153808956556,-300.98817907602285,-36.07428741455078,-176.4880982179868,1607527726.299364
18.28838299418443,-301.0011996616814,-36.074989318847656,-176.47885239736965,1607527726.500072
18.145699405479142,-301.00953032314493,-36.07183456420898,-176.42236592893974,1607527726.7007618
18.025741190115518,-301.0166354199866,-36.0738525390625,-176.38431812566213,1607527726.9014664
17.88169719550594,-301.0244606295319,-36.07519912719727,-176.381606708149,1607527727.1022182
17.739809871604923,-301.0321459578425,-36.077430725097656,-176.39461337236224,1607527727.3028967
17.659174290315466,-301.0365149204831,-36.07820510864258,-176.3990431548225,1607527727.5039835
17.554498449180194,-301.04214450482874,-36.0801010131836,-176.41079263515175,1607527727.7046971
17.42866219523583,-301.0490854834423,-36.08234405517578,-176.408936198449,1607527727.9065528
17.317477840797444,-301.0556786295694,-36.083587646484375,-176.4117592747997,1607527728.1073349
17.179864204861175,-301.06413817096586,-36.08636474609375,-176.4159872201068,1607527728.3099153
16.98561856723198,-301.0761208860986,-36.091407775878906,-176.40925403181353,1607527728.5106332
16.756153329777426,-301.0883365407187,-36.09589385986328,-176.40378409794144,1607527728.711392
16.57797190692928,-301.09762342621997,-36.09810256958008,-176.39805278446764,1607527728.9121244
16.357820715258757,-301.10941291436586,-36.101322174072266,-176.39333652395723,1607527729.1128926
16.02725088987717,-301.12796746902666,-36.07257080078125,-176.42330062499326,1607527729.7179234
15.817958768078896,-301.1398642078975,-36.072940826416016,-176.39635631043396,1607527729.9188685
15.63147990505117,-301.1503872632607,-36.06784057617188,-176.3301692145328,1607527730.1195815
15.488919391732452,-301.15870699806607,-36.06842041015625,-176.30748243101974,1607527730.3202932
15.38857578188584,-301.1647894326668,-36.068946838378906,-176.30518305185205,1607527730.5209947
15.268208910179938,-301.17205427189026,-36.06943893432617,-176.31507766311967,1607527730.7216768
15.07427793265328,-301.1838824258079,-36.06981658935547,-176.33357868688674,1607527730.9223762
14.887932790868405,-301.1952091636736,-36.07023620605469,-176.33564528093308,1607527731.1231346
14.727495479157225,-301.2054201935237,-36.07036972045898,-176.34004911662748,1607527731.323907
14.547881178590126,-301.2170345681854,-36.07139587402344,-176.33927584582693,1607527731.5255632
14.38748686937635,-301.22761951812265,-36.072608947753906,-176.34199830766386,1607527731.726093
14.20922281361141,-301.2393955784491,-36.07437515258789,-176.33972145570462,1607527731.927876
14.013690666572119,-301.25272053469087,-36.076019287109375,-176.3496402553385,1607527732.1286235
13.848436934940203,-301.2642795039603,-36.07637405395508,-176.35442219303476,1607527732.329367
13.629166820093637,-301.2793510461489,-36.07729721069336,-176.35708740477273,1607527732.5304215
13.428583955796825,-301.292463614211,-36.07796096801758,-176.35504978096287,1607527732.7311945
13.260845214677444,-301.30322474419427,-36.0784797668457,-176.35342079609433,1607527732.9319913
13.10574199096184,-301.31320087015706,-36.07923889160156,-176.3506295612926,1607527733.1327386
12.91703837820036,-301.3236127263863,-36.07978439331055,-176.3359106363744,1607527733.3334627
12.734347313718756,-301.33322911083997,-36.08028411865234,-176.32170101154486,1607527733.5358605
12.56170997306946,-301.34269253931683,-36.08076477050781,-176.31872544448433,1607527733.736683
12.40382855939557,-301.3515128558927,-36.0809211730957,-176.31634449429475,1607527733.9392548
12.225782875164382,-301.3618604502313,-36.08185195922852,-176.3123332026453,1607527734.1399972
12.06600010154159,-301.3713957061254,-36.08275604248047,-176.30848171055356,1607527734.3407779
11.949981914935497,-301.3784328118819,-36.08333587646485,-176.3045727392077,1607527734.5416512
11.778431275952073,-301.38826902840145,-36.08450317382813,-176.30008675188054,1607527734.7423933
11.593663202450522,-301.398005034261,-36.08385467529297,-176.29084996923305,1607527734.9431293
11.46159329101879,-301.4049113497752,-36.08375930786133,-176.28305468713157,1607527735.1438992
11.322213212492663,-301.4122645526985,-36.07263946533203,-176.30573525766073,1607527735.344705
11.152472156048317,-301.42156137607327,-36.05305862426758,-176.33919781830298,1607527735.545398
11.031319960983073,-301.42818677340233,-36.05735778808594,-176.33322074249605,1607527735.746067
10.904121246531897,-301.43530064882316,-36.05222702026367,-176.31617575584843,1607527735.9467876
10.774628881073761,-301.44275199347663,-36.05088806152344,-176.2956433237644,1607527736.147518
10.642039547851232,-301.4507849015197,-36.04975891113281,-176.28565320454263,1607527736.3482769
10.505875480255598,-301.45903994701087,-36.04792785644531,-176.28870833950054,1607527736.5490072
10.313674718412104,-301.4704918900455,-36.04702758789063,-176.29442049008702,1607527736.7498367
10.151955002550208,-301.4801094733964,-36.04563903808594,-176.2952219275118,1607527736.9505045
10.03753041688116,-301.48710258184104,-36.044288635253906,-176.29475600233658,1607527737.151266
9.9056329010124,-301.49514906823254,-36.04255676269531,-176.29401025364305,1607527737.352014
9.766574472695332,-301.50356018739564,-36.04145812988281,-176.2870808337811,1607527737.5529122
9.595892403027522,-301.51401553483817,-36.03962326049805,-176.28155077858074,1607527737.754019
9.406153233416742,-301.52676058004556,-36.03450775146485,-176.28559778373372,1607527737.9549348
9.243589049408122,-301.53902222713657,-36.0311279296875,-176.2818965079141,1607527738.1556756
9.127135583514113,-301.548307819298,-36.02925109863281,-176.28220399758874,1607527738.3564687
8.984655436080018,-301.55964415181916,-36.025657653808594,-176.2856035292043,1607527738.5572786
8.846650192355725,-301.5702172036117,-36.023475646972656,-176.29293620241347,1607527738.758284
8.69726769179621,-301.5814606140363,-36.02096176147461,-176.2965869830226,1607527738.9588854
8.58762564202001,-301.589734864682,-36.01924514770508,-176.2962985781862,1607527739.1595945
8.492888431850746,-301.59676183180704,-36.0175666809082,-176.2808375222187,1607527739.36036
8.368842068839278,-301.6056511306872,-36.014305114746094,-176.27718537760438,1607527739.5611007
8.233728506105312,-301.61504430709357,-36.01080322265625,-176.2802220035305,1607527739.7636595
8.093675650242416,-301.6244790603845,-36.007789611816406,-176.2805547805518,1607527739.9644368
7.95116001071362,-301.6339296946322,-36.00453186035156,-176.2718577187505,1607527740.1650786
7.825247256045187,-301.6425376543415,-36.00131225585937,-176.2766005008843,1607527740.3658118
7.723469435826436,-301.649993861395,-35.99886703491211,-176.28261810008777,1607527740.5666056
7.5947584144480675,-301.6594620551503,-35.99503707885742,-176.2894969117337,1607527740.7674568
7.480714270568991,-301.6676429212824,-35.992637634277344,-176.29086623623633,1607527740.9681818
7.3830127741361125,-301.67450219239345,-35.990760803222656,-176.29027319482876,1607527741.168925
7.284188137200811,-301.68125273803713,-35.98859786987305,-176.293221015632,1607527741.3699064
7.191791614918691,-301.68839555496,-35.985816955566406,-176.28774077519927,1607527741.5707047
7.090834469231444,-301.69651808580227,-35.983131408691406,-176.28903597130125,1607527741.7714329
6.935561313173491,-301.70863612696536,-35.979644775390625,-176.29038718371493,1607527741.9721427
6.803348970498384,-301.7186024416642,-35.97750473022461,-176.29455691797776,1607527742.1728294
6.6694313014850035,-301.72829383610366,-35.97509765625,-176.3013885946674,1607527742.3735335
6.521675539282234,-301.7386535172702,-35.97127151489258,-176.30151873948358,1607527742.5742161
6.41133517463316,-301.74623185626604,-35.969600677490234,-176.30813726412,1607527742.7748847
6.279136357254859,-301.7550488469524,-35.96688842773437,-176.30770862144718,1607527742.975627
6.163564901409719,-301.7626226185355,-35.96493530273437,-176.29909999676522,1607527743.176364
6.065361656052361,-301.7694008873675,-35.963382720947266,-176.29763598810482,1607527743.3771062
5.938352844671215,-301.77934570688535,-35.96028137207031,-176.28950745314043,1607527743.5778716
5.799933419160082,-301.7899907968236,-35.957115173339844,-176.29155843121475,1607527743.7787175
5.6856900064831395,-301.7985080318931,-35.954776763916016,-176.2875346072923,1607527743.9794805
5.551550053417629,-301.80804200607787,-35.95217514038086,-176.28055606317056,1607527744.1802313
5.446057117891185,-301.81598394549064,-35.94968795776367,-176.27897583629266,1607527744.3809695
5.315247761616551,-301.82595830780684,-35.94513702392578,-176.2806766685246,1607527744.5818741
5.200027264728737,-301.83433251312516,-35.941993713378906,-176.2788344861099,1607527744.7827075
5.094325303078927,-301.8418314602501,-35.93893814086914,-176.27272755462732,1607527744.9839008
5.017627598990418,-301.84718544204264,-35.93724060058594,-176.26793786045135,1607527745.1847837
4.933766802936686,-301.8528517740151,-35.93452835083008,-176.26789841963048,1607527745.3868232
4.8731729423223555,-301.8572982892019,-35.93306350708008,-176.26629086197994,1607527745.5878437
4.825327734914916,-301.8611845713338,-35.93143844604492,-176.2630305985765,1607527745.7888458
4.771577200887632,-301.8656301604024,-35.92958068847656,-176.2600530655556,1607527745.9897945
4.68695197385606,-301.87238294567015,-35.927085876464844,-176.26138801174008,1607527746.1907194
4.601096651893707,-301.87899851283834,-35.92478561401367,-176.2608624668597,1607527746.3916447
4.543306544479663,-301.88333608109315,-35.92354965209961,-176.26280319543065,1607527746.5925415
4.432601779625464,-301.8911415383125,-35.90492630004883,-176.2789196684102,1607527746.7935007
4.354955080679221,-301.89653715294116,-35.89727783203125,-176.27713812720157,1607527746.9944384
4.069200278957383,-301.9278136292687,-35.902748107910156,-176.26508475452476,1607527748.1992486
3.921991391322825,-301.9436455256878,-35.90285873413086,-176.3011147763117,1607527748.4001696
3.8003820247398257,-301.9566901661123,-35.88123321533203,-176.25221818471482,1607527748.601067
3.5050324746821824,-301.9808920330292,-35.90607070922852,-176.2812441663484,1607527750.4067564
3.3868514380611385,-301.990268349904,-35.90227127075195,-176.27298419137492,1607527750.607592
3.3269828825950163,-301.9939818105646,-35.87941360473633,-176.17667882523546,1607527750.808592
3.131003595415772,-302.00228445501654,-35.90553665161133,-176.22407397777135,1607527752.6138885
3.048134853951004,-302.00632338442534,-35.889312744140625,-176.1737816497068,1607527752.8147302
2.907207352943084,-302.01593858361053,-35.90081787109375,-176.1985490960087,1607527755.2295756
2.851135305904121,-302.01991303729926,-35.89809036254883,-176.17517487777067,1607527755.4304106
2.710097880086163,-302.1169427438338,-35.90285873413086,-176.1774873569834,1607527774.4999073
2.6520840518293682,-302.15683392889196,-35.88942337036133,-176.10850089364638,1607527774.700606
2.504892147832774,-302.22169403504176,-35.9014778137207,-176.09938029651465,1607527777.3103733
2.446320040399567,-302.24897689084827,-35.90168762207031,-176.08234397831134,1607527777.511341
2.420857392831451,-302.26096346920065,-35.89450454711914,-176.01676500859145,1607527777.7124212
2.3141979915123723,-302.2908155414401,-35.90629959106445,-176.01884955452923,1607527779.7199259
2.2678866869325023,-302.30448132646524,-35.90340805053711,-175.99821147023474,1607527779.9207206
2.2423130441701113,-302.3132659020631,-35.88770294189453,-175.95180267597897,1607527780.121714
2.1148713287079697,-302.3450635493724,-35.904510498046875,-175.95666660575597,1607527781.7263598
2.0509229630914763,-302.36316921445155,-35.884552001953125,-175.87333935326407,1607527781.9271345
1.915227788670645,-302.38987004778465,-35.91374206542969,-175.89300003888127,1607527782.9302075
1.8493445154721202,-302.4017852005387,-35.903011322021484,-175.85863040831163,1607527783.1308892
1.7947860307481387,-302.41112705264567,-35.883731842041016,-175.69778304588732,1607527783.3316815
1.6377721682484487,-302.4301424001713,-35.90568923950195,-175.77042546787777,1607527784.1354947
1.5589562435188178,-302.44055538700763,-35.89508819580078,-175.76822252699873,1607527784.3362176
1.430032424110995,-302.45647174409373,-35.916316986083984,-175.74390356354596,1607527785.3392632
1.3604733173473784,-302.4654935520071,-35.913673400878906,-175.7189168273685,1607527785.5400176
1.3216921854217205,-302.4706936397398,-35.9074821472168,-175.67608593116185,1607527785.7422998
1.2871915727064465,-302.4750940917778,-35.900447845458984,-175.60179561210242,1607527785.9432046
1.2487984028260484,-302.4793965800649,-35.89866256713867,-175.52314028602214,1607527786.1440215
1.1009811584162348,-302.4961852874844,-35.91573715209961,-175.57878550448356,1607527787.147213
1.0014507235873789,-302.5077281680372,-35.91020965576172,-175.5888737873983,1607527787.34801
0.9474844155708939,-302.5139100807306,-35.90391159057617,-175.56337591410193,1607527787.548809
0.9107165746587363,-302.51793112051115,-35.900634765625,-175.51571771961545,1607527787.7495933
0.8720207227200959,-302.5219566599079,-35.89976501464844,-175.45158037572307,1607527787.9503725
0.7772875758134714,-302.53650830050395,-35.90656280517578,-175.498664898014,1607527788.55293
0.7017447125260592,-302.5473475847695,-35.91280746459961,-175.49467051197945,1607527788.7536438
0.6183229634957537,-302.5580891381327,-35.90298080444336,-175.44414480886962,1607527788.9542975
0.5249380433143208,-302.56934032772847,-35.90365219116211,-175.38076783976672,1607527789.1548688
0.4301398993223515,-302.5811633990539,-35.90542984008789,-175.33969165470666,1607527789.3555615
0.34694385919557774,-302.59107362800194,-35.9069709777832,-175.31783888483247,1607527789.5562766
0.2718512718359616,-302.59938561475235,-35.909278869628906,-175.32200709589657,1607527789.757027
0.18887817321483502,-302.607879285128,-35.91240310668945,-175.32812533042696,1607527789.9577305
0.1040046997197791,-302.61598969086043,-35.91472244262695,-175.32850847870102,1607527790.1584682
0.02353172288191338,-302.62553801817086,-35.917293548583984,-175.32812268842338,1607527790.3592288
-0.08891953729555895,-302.6398415634703,-35.92169570922852,-175.32676063894297,1607527790.5601332
-0.1983659251610615,-302.652943696332,-35.924781799316406,-175.32272911035798,1607527790.7610767
-0.29057301931766,-302.66330476151217,-35.92692565917969,-175.32297929927373,1607527790.9620278
-0.3766108921098167,-302.6725999711029,-35.928749084472656,-175.31670360494542,1607527791.1629086
-0.47131488911043723,-302.6831666802332,-35.93085861206055,-175.30767276821007,1607527791.3643599
-0.5671375211950478,-302.6956147656106,-35.93250274658203,-175.30381239757938,1607527791.5650804
