yaw_encoder,data,dt
45.0,2021-04-26 19:19:23.323340,0.0
45.0,2021-04-26 19:19:23.522774,0.199431
45.0,2021-04-26 19:19:23.726246,0.402904
45.0,2021-04-26 19:19:23.925857,0.602519
45.0,2021-04-26 19:19:24.125356,0.8020120000000001
45.0,2021-04-26 19:19:24.324926,1.001584
45.0,2021-04-26 19:19:24.524491,1.201143
45.0,2021-04-26 19:19:24.724085,1.400738
45.0,2021-04-26 19:19:24.923584,1.600241
45.0,2021-04-26 19:19:25.123159,1.799816
45.0,2021-04-26 19:19:25.322881,1.9995290000000001
45.0,2021-04-26 19:19:25.522214,2.1988700000000003
45.0,2021-04-26 19:19:25.725748,2.402404
45.0,2021-04-26 19:19:25.925237,2.6018860000000004
45.0,2021-04-26 19:19:26.126181,2.8028380000000004
45.0,2021-04-26 19:19:26.324372,3.001034
45.0,2021-04-26 19:19:26.523937,3.200594
45.0,2021-04-26 19:19:26.723497,3.400154
45.0,2021-04-26 19:19:26.926284,3.602941
45.0,2021-04-26 19:19:27.122635,3.79929
45.0,2021-04-26 19:19:27.322148,3.998805
45.0,2021-04-26 19:19:27.525690,4.202346
45.0,2021-04-26 19:19:27.725190,4.401846000000001
45.0,2021-04-26 19:19:27.924753,4.601411000000001
45.0,2021-04-26 19:19:28.124333,4.800985000000001
45.0,2021-04-26 19:19:28.323941,5.000597000000001
45.0,2021-04-26 19:19:28.523398,5.200056000000001
45.0,2021-04-26 19:19:28.722983,5.399636000000001
45.0,2021-04-26 19:19:28.922488,5.599149000000001
45.0,2021-04-26 19:19:29.122085,5.7987400000000004
45.0,2021-04-26 19:19:29.325538,6.002194
45.0,2021-04-26 19:19:29.525084,6.20174
45.0,2021-04-26 19:19:29.724687,6.401344
45.0,2021-04-26 19:19:29.924240,6.6008949999999995
45.0,2021-04-26 19:19:30.123772,6.800421999999999
45.0,2021-04-26 19:19:30.323288,6.999948999999999
45.0,2021-04-26 19:19:30.522907,7.1995629999999995
45.0,2021-04-26 19:19:30.722416,7.399073
45.0,2021-04-26 19:19:30.921962,7.598617999999999
45.0,2021-04-26 19:19:31.125440,7.802102
45.0,2021-04-26 19:19:31.324966,8.001623
45.0,2021-04-26 19:19:31.524584,8.201241
45.0,2021-04-26 19:19:31.724107,8.400765
45.0,2021-04-26 19:19:31.923641,8.600298
45.0,2021-04-26 19:19:32.123255,8.799909000000001
45.0,2021-04-26 19:19:32.322805,8.999447000000002
45.0,2021-04-26 19:19:32.522298,9.198958000000001
45.0,2021-04-26 19:19:32.721914,9.398568000000001
45.0,2021-04-26 19:19:32.925375,9.602028
45.0,2021-04-26 19:19:33.126394,9.803036
45.0,2021-04-26 19:19:33.324476,10.001135
45.0,2021-04-26 19:19:33.524033,10.200688
45.0,2021-04-26 19:19:33.723543,10.400203999999999
45.0,2021-04-26 19:19:33.923127,10.599782
45.0,2021-04-26 19:19:34.122680,10.799336
45.0,2021-04-26 19:19:34.322226,10.998883000000001
45.0,2021-04-26 19:19:34.521811,11.19847
45.0,2021-04-26 19:19:34.725262,11.401918
45.0,2021-04-26 19:19:34.924884,11.601537
45.0,2021-04-26 19:19:35.124432,11.801086
45.0,2021-04-26 19:19:35.323947,12.000601999999999
45.0,2021-04-26 19:19:35.523513,12.200157999999998
45.0,2021-04-26 19:19:35.723029,12.399683999999999
45.0,2021-04-26 19:19:35.922553,12.59921
45.0,2021-04-26 19:19:36.122118,12.798774
45.0,2021-04-26 19:19:36.329880,13.006533
45.0,2021-04-26 19:19:36.521189,13.197842
45.0,2021-04-26 19:19:36.724753,13.401408
45.0,2021-04-26 19:19:36.924226,13.600883
45.0,2021-04-26 19:19:37.123840,13.800495
45.0,2021-04-26 19:19:37.323372,14.000031
45.0,2021-04-26 19:19:37.522988,14.199641
45.0,2021-04-26 19:19:37.722506,14.399162
45.0,2021-04-26 19:19:37.922140,14.598784
45.0,2021-04-26 19:19:38.122148,14.798795
45.0,2021-04-26 19:19:38.321071,14.997733
45.0,2021-04-26 19:19:38.524616,15.201269
45.0,2021-04-26 19:19:38.724149,15.400811
45.0,2021-04-26 19:19:38.925552,15.60221
45.0,2021-04-26 19:19:39.123206,15.799869
45.0,2021-04-26 19:19:39.322886,15.999540999999999
45.0,2021-04-26 19:19:39.524045,16.200706
45.0,2021-04-26 19:19:39.725293,16.401956000000002
45.0,2021-04-26 19:19:39.921425,16.598086000000002
45.0,2021-04-26 19:19:40.120989,16.797648000000002
45.0,2021-04-26 19:19:40.324518,17.001175000000003
45.0,2021-04-26 19:19:40.524032,17.200698000000003
45.0,2021-04-26 19:19:40.723675,17.400331
45.0,2021-04-26 19:19:40.923211,17.599866000000002
45.0,2021-04-26 19:19:41.122726,17.799382
45.0,2021-04-26 19:19:41.322442,17.999096
45.0,2021-04-26 19:19:41.522399,18.199061
45.0,2021-04-26 19:19:41.721379,18.398035
45.0,2021-04-26 19:19:41.920969,18.597625
45.0,2021-04-26 19:19:42.124419,18.801078
45.0,2021-04-26 19:19:42.324141,19.000801
45.0,2021-04-26 19:19:42.523684,19.200340999999998
45.0,2021-04-26 19:19:42.723135,19.399784999999998
45.0,2021-04-26 19:19:42.922651,19.599303999999997
45.0,2021-04-26 19:19:43.122247,19.798896999999997
45.0,2021-04-26 19:19:43.321753,19.998412999999996
45.0,2021-04-26 19:19:43.521318,20.197975999999997
45.0,2021-04-26 19:19:43.720886,20.397542999999995
45.0,2021-04-26 19:19:43.924372,20.601026999999995
45.0,2021-04-26 19:19:44.123903,20.800556999999994
45.0,2021-04-26 19:19:44.323409,21.000065999999993
45.0,2021-04-26 19:19:44.523098,21.199736999999992
45.0,2021-04-26 19:19:44.722527,21.399182999999994
45.0,2021-04-26 19:19:44.922097,21.598752999999995
45.0,2021-04-26 19:19:45.121596,21.798256999999996
45.0,2021-04-26 19:19:45.321188,21.997848999999995
45.0,2021-04-26 19:19:45.520736,22.197393999999996
45.0,2021-04-26 19:19:45.720304,22.396959999999996
45.0,2021-04-26 19:19:45.923776,22.600437999999997
45.0,2021-04-26 19:19:46.123327,22.799977
45.0,2021-04-26 19:19:46.322957,22.999613
45.0,2021-04-26 19:19:46.522473,23.199125
45.0,2021-04-26 19:19:46.721988,23.398645
45.0,2021-04-26 19:19:46.921575,23.598231
45.0,2021-04-26 19:19:47.121477,23.798132
45.0,2021-04-26 19:19:47.320692,23.997346
45.0,2021-04-26 19:19:47.520200,24.196856
45.0,2021-04-26 19:19:47.723702,24.400362
45.0,2021-04-26 19:19:47.923254,24.599906
45.0,2021-04-26 19:19:48.129837,24.80649
45.0,2021-04-26 19:19:48.322335,24.99899
45.0,2021-04-26 19:19:48.525834,25.202488
45.0,2021-04-26 19:19:48.721453,25.39811
45.0,2021-04-26 19:19:48.920998,25.597655
45.0,2021-04-26 19:19:49.120531,25.79719
45.0,2021-04-26 19:19:49.322091,25.99875
45.0,2021-04-26 19:19:49.523790,26.200421000000002
45.0,2021-04-26 19:19:49.723144,26.399802
45.0,2021-04-26 19:19:49.922717,26.599373
45.0,2021-04-26 19:19:50.122256,26.798908
45.0,2021-04-26 19:19:50.321848,26.998503
45.0,2021-04-26 19:19:50.521456,27.198106
45.0,2021-04-26 19:19:50.720991,27.397648999999998
45.0,2021-04-26 19:19:50.920516,27.59716
45.0,2021-04-26 19:19:51.120017,27.796674
45.0,2021-04-26 19:19:51.323530,28.000187
45.0,2021-04-26 19:19:51.523080,28.199732
45.0,2021-04-26 19:19:51.722638,28.399294
45.0,2021-04-26 19:19:51.922177,28.598832
45.0,2021-04-26 19:19:52.121748,28.798404
45.0,2021-04-26 19:19:52.321268,28.997923
45.0,2021-04-26 19:19:52.520868,29.197519
45.0,2021-04-26 19:19:52.720389,29.397047999999998
45.0,2021-04-26 19:19:52.919942,29.596597
45.0,2021-04-26 19:19:53.123503,29.800152
45.0,2021-04-26 19:19:53.324016,30.000672
45.0,2021-04-26 19:19:53.522545,30.199189
45.0,2021-04-26 19:19:53.722080,30.398736
45.0,2021-04-26 19:19:53.921614,30.598269
45.0,2021-04-26 19:19:54.125164,30.801813999999997
45.0,2021-04-26 19:19:54.320721,30.997364999999995
45.0,2021-04-26 19:19:54.520300,31.196954999999996
45.0,2021-04-26 19:19:54.719826,31.396481999999995
45.0,2021-04-26 19:19:54.923332,31.599983999999996
45.0,2021-04-26 19:19:55.122960,31.799614999999996
45.0,2021-04-26 19:19:55.322436,31.999088999999994
45.0,2021-04-26 19:19:55.521994,32.198649999999994
45.0,2021-04-26 19:19:55.722556,32.399212999999996
45.0,2021-04-26 19:19:55.921092,32.597747999999996
45.0,2021-04-26 19:19:56.120657,32.797312
45.0,2021-04-26 19:19:56.320213,32.99687
45.0,2021-04-26 19:19:56.519794,33.196448000000004
45.0,2021-04-26 19:19:56.719369,33.396016
45.0,2021-04-26 19:19:56.922785,33.599438000000006
45.0,2021-04-26 19:19:57.122332,33.798986000000006
45.0,2021-04-26 19:19:57.321883,33.99853900000001
45.0,2021-04-26 19:19:57.521457,34.19811400000001
45.0,2021-04-26 19:19:57.721017,34.397672000000014
45.0,2021-04-26 19:19:57.920512,34.597169000000015
45.0,2021-04-26 19:19:58.120184,34.79684200000001
45.0,2021-04-26 19:19:58.319681,34.99632900000001
45.0,2021-04-26 19:19:58.520740,35.19739900000001
45.0,2021-04-26 19:19:58.722655,35.39931500000001
45.0,2021-04-26 19:19:58.922200,35.59885800000001
45.0,2021-04-26 19:19:59.121809,35.798457000000006
45.0,2021-04-26 19:19:59.321339,35.997995
45.0,2021-04-26 19:19:59.520890,36.197548000000005
45.0,2021-04-26 19:19:59.721430,36.398086000000006
45.0,2021-04-26 19:19:59.919991,36.59664800000001
45.0,2021-04-26 19:20:00.119560,36.79621600000001
45.0,2021-04-26 19:20:00.319069,36.99572700000001
45.0,2021-04-26 19:20:00.525762,37.20242100000001
45.0,2021-04-26 19:20:00.722127,37.39878200000001
45.0,2021-04-26 19:20:00.921719,37.59837700000001
45.0,2021-04-26 19:20:01.121302,37.797953000000014
45.0,2021-04-26 19:20:01.320881,37.99753800000001
45.0,2021-04-26 19:20:01.520350,38.19700700000001
45.0,2021-04-26 19:20:01.719877,38.396537000000016
45.0,2021-04-26 19:20:01.919462,38.59611800000002
45.0,2021-04-26 19:20:02.119046,38.795704000000015
45.0,2021-04-26 19:20:02.322656,38.99930000000001
45.0,2021-04-26 19:20:02.522040,39.19869600000001
45.0,2021-04-26 19:20:02.721631,39.39828600000001
45.0,2021-04-26 19:20:02.921272,39.59791000000001
45.0,2021-04-26 19:20:03.120772,39.79741600000001
45.0,2021-04-26 19:20:03.320425,39.997081000000016
45.0,2021-04-26 19:20:03.519814,40.19646700000001
45.0,2021-04-26 19:20:03.719354,40.39601200000001
45.0,2021-04-26 19:20:03.918890,40.59554600000001
45.0,2021-04-26 19:20:04.122403,40.79905800000002
45.0,2021-04-26 19:20:04.321942,40.99859700000002
45.0,2021-04-26 19:20:04.521510,41.198166000000015
45.0,2021-04-26 19:20:04.721995,41.398651000000015
45.0,2021-04-26 19:20:04.920628,41.597284000000016
45.0,2021-04-26 19:20:05.120162,41.796818000000016
45.0,2021-04-26 19:20:05.321900,41.998556000000015
45.0,2021-04-26 19:20:05.519289,42.195945000000016
45.0,2021-04-26 19:20:05.719505,42.39616100000001
45.0,2021-04-26 19:20:05.922276,42.59893000000002
45.0,2021-04-26 19:20:06.121862,42.798521000000015
45.0,2021-04-26 19:20:06.321503,42.998162000000015
45.0,2021-04-26 19:20:06.521707,43.198357000000016
45.0,2021-04-26 19:20:06.720500,43.397157000000014
45.0,2021-04-26 19:20:06.924086,43.60074200000001
45.0,2021-04-26 19:20:07.123885,43.80054700000001
45.0,2021-04-26 19:20:07.319157,43.99581500000001
45.0,2021-04-26 19:20:07.518696,44.195355000000006
45.0,2021-04-26 19:20:07.722197,44.39885600000001
45.0,2021-04-26 19:20:07.921821,44.59847300000001
45.0,2021-04-26 19:20:08.121920,44.79857400000001
45.0,2021-04-26 19:20:08.320893,44.99754900000001
45.0,2021-04-26 19:20:08.520418,45.19707600000001
45.0,2021-04-26 19:20:08.719983,45.39664300000001
45.0,2021-04-26 19:20:08.919717,45.59635700000001
45.0,2021-04-26 19:20:09.119075,45.79573300000001
45.0,2021-04-26 19:20:09.318635,45.99529500000001
45.0,2021-04-26 19:20:09.521911,46.19856400000001
45.0,2021-04-26 19:20:09.721705,46.39835400000001
45.0,2021-04-26 19:20:09.922174,46.59882500000001
45.0,2021-04-26 19:20:10.120739,46.79739700000001
45.0,2021-04-26 19:20:10.320318,46.99697700000001
45.0,2021-04-26 19:20:10.519893,47.19654500000001
45.0,2021-04-26 19:20:10.719403,47.39606100000001
45.0,2021-04-26 19:20:10.919949,47.59660200000001
45.0,2021-04-26 19:20:11.118556,47.79521100000001
45.0,2021-04-26 19:20:11.318088,47.99473900000001
45.0,2021-04-26 19:20:11.521682,48.19831500000001
45.0,2021-04-26 19:20:11.721162,48.397785000000006
45.0,2021-04-26 19:20:11.920695,48.597353000000005
45.0,2021-04-26 19:20:12.120225,48.79687800000001
45.0,2021-04-26 19:20:12.319814,48.996469000000005
45.0,2021-04-26 19:20:12.519316,49.19597400000001
45.0,2021-04-26 19:20:12.718845,49.395503000000005
45.0,2021-04-26 19:20:12.918417,49.595074000000004
45.0,2021-04-26 19:20:13.118054,49.794709000000005
45.0,2021-04-26 19:20:13.321493,49.998144
45.0,2021-04-26 19:20:13.521571,50.198228
45.0,2021-04-26 19:20:13.720587,50.397243
45.0,2021-04-26 19:20:13.920140,50.596797
45.0,2021-04-26 19:20:14.119791,50.796433
45.0,2021-04-26 19:20:14.319224,50.995881
45.0,2021-04-26 19:20:14.518874,51.195527999999996
45.0,2021-04-26 19:20:14.718367,51.395024
45.0,2021-04-26 19:20:14.917877,51.594535
45.0,2021-04-26 19:20:15.121365,51.798021
45.0,2021-04-26 19:20:15.320984,51.997628999999996
45.0,2021-04-26 19:20:15.520534,52.197191
45.0,2021-04-26 19:20:15.720038,52.396696
45.0,2021-04-26 19:20:15.919587,52.596243
45.0,2021-04-26 19:20:16.119284,52.795921
45.0,2021-04-26 19:20:16.318754,52.995402
45.0,2021-04-26 19:20:16.518252,53.194911
45.0,2021-04-26 19:20:16.717832,53.394489
45.0,2021-04-26 19:20:16.921325,53.597983
45.0,2021-04-26 19:20:17.121095,53.797747
45.0,2021-04-26 19:20:17.320377,53.997035000000004
45.0,2021-04-26 19:20:17.520014,54.196673000000004
45.0,2021-04-26 19:20:17.719494,54.396153000000005
45.0,2021-04-26 19:20:17.919056,54.59571100000001
45.0,2021-04-26 19:20:18.118573,54.79523100000001
45.0,2021-04-26 19:20:18.318159,54.994817000000005
45.0,2021-04-26 19:20:18.517766,55.19442000000001
45.0,2021-04-26 19:20:18.721231,55.39786600000001
45.0,2021-04-26 19:20:18.920721,55.59737700000001
45.0,2021-04-26 19:20:19.120288,55.79694400000001
45.0,2021-04-26 19:20:19.319830,55.996488000000014
45.0,2021-04-26 19:20:19.519428,56.196083000000016
45.0,2021-04-26 19:20:19.718930,56.395589000000015
45.0,2021-04-26 19:20:19.918510,56.595165000000016
45.0,2021-04-26 19:20:20.118133,56.79478500000002
45.0,2021-04-26 19:20:20.317613,56.99427200000002
45.0,2021-04-26 19:20:20.521111,57.197769000000015
45.0,2021-04-26 19:20:20.720645,57.397303000000015
45.0,2021-04-26 19:20:20.920193,57.596848000000016
45.0,2021-04-26 19:20:21.121803,57.79846300000001
45.0,2021-04-26 19:20:21.319302,57.99595900000001
45.0,2021-04-26 19:20:21.523025,58.19968200000001
45.0,2021-04-26 19:20:21.721838,58.39849500000001
45.0,2021-04-26 19:20:21.917972,58.59463000000001
45.0,2021-04-26 19:20:22.117551,58.79421100000001
45.0,2021-04-26 19:20:22.317073,58.99373200000001
45.0,2021-04-26 19:20:22.520529,59.19719100000001
45.0,2021-04-26 19:20:22.720084,59.39674100000001
45.0,2021-04-26 19:20:22.919728,59.59638000000001
45.0,2021-04-26 19:20:23.119274,59.79592700000001
45.0,2021-04-26 19:20:23.318791,59.99544400000001
45.0,2021-04-26 19:20:23.518300,60.194958000000014
45.0,2021-04-26 19:20:23.721511,60.39816800000001
45.0,2021-04-26 19:20:23.917414,60.59407000000001
45.0,2021-04-26 19:20:24.116957,60.79361500000001
45.0,2021-04-26 19:20:24.321511,60.99816700000001
45.0,2021-04-26 19:20:24.520031,61.19667600000001
45.0,2021-04-26 19:20:24.719571,61.39622800000001
45.0,2021-04-26 19:20:24.920308,61.59696300000001
45.0,2021-04-26 19:20:25.118703,61.79535900000001
45.0,2021-04-26 19:20:25.318211,61.99486700000001
45.0,2021-04-26 19:20:25.517796,62.19445000000001
45.0,2021-04-26 19:20:25.717385,62.39404300000001
45.0,2021-04-26 19:20:25.916865,62.59352100000001
45.0,2021-04-26 19:20:26.120359,62.797016000000006
45.0,2021-04-26 19:20:26.322142,62.998799000000005
45.0,2021-04-26 19:20:26.521395,63.19805
45.0,2021-04-26 19:20:26.719098,63.395747
45.0,2021-04-26 19:20:26.918572,63.595227
45.0,2021-04-26 19:20:27.118093,63.79475
45.0,2021-04-26 19:20:27.317669,63.994311
45.0,2021-04-26 19:20:27.517247,64.19390200000001
45.0,2021-04-26 19:20:27.716786,64.393444
54.0,2021-04-26 19:20:27.920315,64.596969
54.0,2021-04-26 19:20:28.119795,64.796453
54.0,2021-04-26 19:20:28.320214,64.996866
54.0,2021-04-26 19:20:28.518913,65.195573
54.0,2021-04-26 19:20:28.718490,65.395145
54.0,2021-04-26 19:20:28.918078,65.594734
54.0,2021-04-26 19:20:29.117949,65.7946
54.0,2021-04-26 19:20:29.317135,65.993793
54.0,2021-04-26 19:20:29.516717,66.193372
54.0,2021-04-26 19:20:29.720415,66.39707299999999
54.0,2021-04-26 19:20:29.919804,66.596448
54.0,2021-04-26 19:20:30.119292,66.79594999999999
54.0,2021-04-26 19:20:30.318840,66.99549699999999
54.0,2021-04-26 19:20:30.518369,67.19502599999998
54.0,2021-04-26 19:20:30.719844,67.39650299999998
63.0,2021-04-26 19:20:30.917531,67.59418399999998
63.0,2021-04-26 19:20:31.117123,67.79377799999999
54.0,2021-04-26 19:20:31.316589,67.99324999999999
54.0,2021-04-26 19:20:31.520092,68.19675
54.0,2021-04-26 19:20:31.719637,68.396294
54.0,2021-04-26 19:20:31.919179,68.595838
54.0,2021-04-26 19:20:32.120511,68.797165
54.0,2021-04-26 19:20:32.318330,68.994983
54.0,2021-04-26 19:20:32.517857,69.194514
54.0,2021-04-26 19:20:32.717382,69.39404
54.0,2021-04-26 19:20:32.916952,69.593613
54.0,2021-04-26 19:20:33.116489,69.79314600000001
54.0,2021-04-26 19:20:33.320000,69.99665800000001
54.0,2021-04-26 19:20:33.519574,70.19622500000001
54.0,2021-04-26 19:20:33.719117,70.39576800000002
54.0,2021-04-26 19:20:33.924217,70.60087500000002
54.0,2021-04-26 19:20:34.119879,70.79653300000001
54.0,2021-04-26 19:20:34.317756,70.99441300000001
54.0,2021-04-26 19:20:34.517276,71.19393300000002
54.0,2021-04-26 19:20:34.716851,71.39350800000001
54.0,2021-04-26 19:20:34.919706,71.596359
54.0,2021-04-26 19:20:35.119931,71.796574
54.0,2021-04-26 19:20:35.321764,71.998423
54.0,2021-04-26 19:20:35.519012,72.19566900000001
54.0,2021-04-26 19:20:35.718551,72.39520900000001
54.0,2021-04-26 19:20:35.918122,72.59477400000002
54.0,2021-04-26 19:20:36.117713,72.79437100000001
54.0,2021-04-26 19:20:36.318406,72.99505800000001
54.0,2021-04-26 19:20:36.516800,73.19345600000001
54.0,2021-04-26 19:20:36.717822,73.39448000000002
54.0,2021-04-26 19:20:36.920214,73.59687300000002
54.0,2021-04-26 19:20:37.119514,73.79615100000002
54.0,2021-04-26 19:20:37.318954,73.99559900000003
54.0,2021-04-26 19:20:37.518458,74.19511600000003
54.0,2021-04-26 19:20:37.718095,74.39474900000003
54.0,2021-04-26 19:20:37.917599,74.59425200000004
54.0,2021-04-26 19:20:38.117146,74.79380200000004
54.0,2021-04-26 19:20:38.317267,74.99392600000004
54.0,2021-04-26 19:20:38.518049,75.19470600000004
54.0,2021-04-26 19:20:38.715781,75.39243900000004
54.0,2021-04-26 19:20:38.919247,75.59590600000004
54.0,2021-04-26 19:20:39.118809,75.79546400000004
54.0,2021-04-26 19:20:39.318349,75.99500600000003
54.0,2021-04-26 19:20:39.517933,76.19458800000004
54.0,2021-04-26 19:20:39.717491,76.39414800000004
54.0,2021-04-26 19:20:39.917074,76.59373200000005
54.0,2021-04-26 19:20:40.116566,76.79322200000004
54.0,2021-04-26 19:20:40.316105,76.99276300000004
54.0,2021-04-26 19:20:40.515679,77.19233700000004
54.0,2021-04-26 19:20:40.719188,77.39584300000004
54.0,2021-04-26 19:20:40.918696,77.59535400000004
54.0,2021-04-26 19:20:41.118291,77.79494800000005
54.0,2021-04-26 19:20:41.317816,77.99447500000005
54.0,2021-04-26 19:20:41.517415,78.19407000000005
54.0,2021-04-26 19:20:41.716919,78.39357600000005
54.0,2021-04-26 19:20:41.916479,78.59313600000006
54.0,2021-04-26 19:20:42.116036,78.79269300000006
54.0,2021-04-26 19:20:42.315575,78.99223200000006
54.0,2021-04-26 19:20:42.519132,79.19578600000006
54.0,2021-04-26 19:20:42.718618,79.39527400000006
54.0,2021-04-26 19:20:42.918194,79.59485000000005
54.0,2021-04-26 19:20:43.117748,79.79440400000006
54.0,2021-04-26 19:20:43.317268,79.99392500000006
54.0,2021-04-26 19:20:43.516856,80.19351000000006
54.0,2021-04-26 19:20:43.716347,80.39300600000006
63.0,2021-04-26 19:20:43.919703,80.59635900000006
54.0,2021-04-26 19:20:44.117969,80.79462400000007
54.0,2021-04-26 19:20:44.319136,80.99578800000008
54.0,2021-04-26 19:20:44.518619,81.19525600000007
54.0,2021-04-26 19:20:44.718099,81.39475500000007
54.0,2021-04-26 19:20:44.917632,81.59429000000007
54.0,2021-04-26 19:20:45.117214,81.79386800000007
54.0,2021-04-26 19:20:45.316741,81.99339900000007
54.0,2021-04-26 19:20:45.516275,82.19293200000007
54.0,2021-04-26 19:20:45.715887,82.39254500000007
54.0,2021-04-26 19:20:45.915416,82.59206900000007
54.0,2021-04-26 19:20:46.118874,82.79553100000007
54.0,2021-04-26 19:20:46.318440,82.99509100000007
54.0,2021-04-26 19:20:46.518077,83.19473300000007
54.0,2021-04-26 19:20:46.717521,83.39417900000007
54.0,2021-04-26 19:20:46.917073,83.59373400000007
54.0,2021-04-26 19:20:47.116623,83.79328400000007
54.0,2021-04-26 19:20:47.318098,83.99475600000007
54.0,2021-04-26 19:20:47.515863,84.19251100000007
54.0,2021-04-26 19:20:47.715294,84.39195300000007
54.0,2021-04-26 19:20:47.925790,84.60244200000007
54.0,2021-04-26 19:20:48.118338,84.79499600000007
54.0,2021-04-26 19:20:48.317910,84.99456800000007
54.0,2021-04-26 19:20:48.517493,85.19414700000007
54.0,2021-04-26 19:20:48.716986,85.39364300000007
54.0,2021-04-26 19:20:48.916615,85.59326800000007
54.0,2021-04-26 19:20:49.116413,85.79307500000007
54.0,2021-04-26 19:20:49.318719,85.99537500000007
54.0,2021-04-26 19:20:49.515258,86.19191400000007
54.0,2021-04-26 19:20:49.722729,86.39938200000007
54.0,2021-04-26 19:20:49.918211,86.59487100000007
54.0,2021-04-26 19:20:50.117784,86.79444400000007
54.0,2021-04-26 19:20:50.318400,86.99504600000007
54.0,2021-04-26 19:20:50.516990,87.19364500000007
54.0,2021-04-26 19:20:50.716443,87.39310500000008
54.0,2021-04-26 19:20:50.917567,87.59422000000008
54.0,2021-04-26 19:20:51.115573,87.79223000000007
54.0,2021-04-26 19:20:51.315157,87.99181300000008
54.0,2021-04-26 19:20:51.518621,88.19527600000008
54.0,2021-04-26 19:20:51.718137,88.39479100000008
54.0,2021-04-26 19:20:51.918788,88.59544600000008
54.0,2021-04-26 19:20:52.118614,88.79526900000008
54.0,2021-04-26 19:20:52.316793,88.99345100000008
54.0,2021-04-26 19:20:52.516348,89.19300600000008
54.0,2021-04-26 19:20:52.715940,89.39260100000008
54.0,2021-04-26 19:20:52.915477,89.59213400000009
54.0,2021-04-26 19:20:53.115018,89.79167500000008
54.0,2021-04-26 19:20:53.314542,89.99119900000008
54.0,2021-04-26 19:20:53.518108,90.19476200000008
54.0,2021-04-26 19:20:53.720150,90.39680300000008
54.0,2021-04-26 19:20:53.917171,90.59382900000007
54.0,2021-04-26 19:20:54.116708,90.79336400000007
54.0,2021-04-26 19:20:54.316319,90.99297000000007
54.0,2021-04-26 19:20:54.515837,91.19249500000006
54.0,2021-04-26 19:20:54.715415,91.39207100000006
54.0,2021-04-26 19:20:54.914955,91.59161300000005
54.0,2021-04-26 19:20:55.114502,91.79115800000005
54.0,2021-04-26 19:20:55.317957,91.99461700000005
54.0,2021-04-26 19:20:55.517499,92.19415700000005
54.0,2021-04-26 19:20:55.717108,92.39376200000005
54.0,2021-04-26 19:20:55.916609,92.59326900000005
54.0,2021-04-26 19:20:56.119059,92.79571200000005
54.0,2021-04-26 19:20:56.315705,92.99236300000005
54.0,2021-04-26 19:20:56.516286,93.19294100000005
54.0,2021-04-26 19:20:56.714870,93.39152100000005
54.0,2021-04-26 19:20:56.914369,93.59102300000005
54.0,2021-04-26 19:20:57.118065,93.79467600000005
54.0,2021-04-26 19:20:57.317423,93.99407800000006
54.0,2021-04-26 19:20:57.516943,94.19360100000006
54.0,2021-04-26 19:20:57.716551,94.39320500000005
54.0,2021-04-26 19:20:57.916087,94.59274500000005
54.0,2021-04-26 19:20:58.115627,94.79228500000005
54.0,2021-04-26 19:20:58.315143,94.99180100000005
54.0,2021-04-26 19:20:58.514732,95.19139000000006
54.0,2021-04-26 19:20:58.715525,95.39217900000006
54.0,2021-04-26 19:20:58.917850,95.59450800000006
54.0,2021-04-26 19:20:59.117469,95.79412600000006
54.0,2021-04-26 19:20:59.316944,95.99358800000006
54.0,2021-04-26 19:20:59.516400,96.19306000000006
54.0,2021-04-26 19:20:59.715945,96.39260500000006
54.0,2021-04-26 19:20:59.915627,96.59228600000006
54.0,2021-04-26 19:21:00.115139,96.79179300000006
54.0,2021-04-26 19:21:00.314639,96.99129700000006
54.0,2021-04-26 19:21:00.514248,97.19090300000006
54.0,2021-04-26 19:21:00.720152,97.39679700000006
54.0,2021-04-26 19:21:00.919781,97.59644500000006
54.0,2021-04-26 19:21:01.116794,97.79344800000005
54.0,2021-04-26 19:21:01.316350,97.99300600000005
54.0,2021-04-26 19:21:01.515918,98.19256200000005
54.0,2021-04-26 19:21:01.715430,98.39208800000006
54.0,2021-04-26 19:21:01.914995,98.59165200000005
54.0,2021-04-26 19:21:02.114522,98.79117900000006
54.0,2021-04-26 19:21:02.314173,98.99082900000006
54.0,2021-04-26 19:21:02.517587,99.19424500000007
54.0,2021-04-26 19:21:02.717150,99.39380500000007
54.0,2021-04-26 19:21:02.916687,99.59333900000007
63.0,2021-04-26 19:21:03.116264,99.79292000000007
63.0,2021-04-26 19:21:03.315812,99.99246800000006
63.0,2021-04-26 19:21:03.517681,100.19433700000006
63.0,2021-04-26 19:21:03.714909,100.39156300000006
63.0,2021-04-26 19:21:03.914466,100.59112200000006
63.0,2021-04-26 19:21:04.114010,100.79066700000006
63.0,2021-04-26 19:21:04.321775,100.99842900000006
63.0,2021-04-26 19:21:04.517102,101.19375800000006
63.0,2021-04-26 19:21:04.718021,101.39467500000006
63.0,2021-04-26 19:21:04.916155,101.59281000000006
63.0,2021-04-26 19:21:05.117759,101.79441700000005
63.0,2021-04-26 19:21:05.317833,101.99449000000006
72.0,2021-04-26 19:21:05.514866,102.19152400000006
72.0,2021-04-26 19:21:05.714347,102.39100200000006
72.0,2021-04-26 19:21:05.913875,102.59053300000005
72.0,2021-04-26 19:21:06.117494,102.79414300000005
72.0,2021-04-26 19:21:06.316913,102.99357100000005
72.0,2021-04-26 19:21:06.516496,103.19315200000004
72.0,2021-04-26 19:21:06.716196,103.39282700000004
72.0,2021-04-26 19:21:06.915612,103.59226900000004
72.0,2021-04-26 19:21:07.115136,103.79179200000004
72.0,2021-04-26 19:21:07.314817,103.99146900000004
72.0,2021-04-26 19:21:07.514283,104.19094200000004
72.0,2021-04-26 19:21:07.713816,104.39047600000004
72.0,2021-04-26 19:21:07.913371,104.59002800000003
72.0,2021-04-26 19:21:08.116847,104.79350400000003
72.0,2021-04-26 19:21:08.317083,104.99373700000002
72.0,2021-04-26 19:21:08.515961,105.19261700000003
72.0,2021-04-26 19:21:08.715625,105.39226000000002
72.0,2021-04-26 19:21:08.915063,105.59171600000002
72.0,2021-04-26 19:21:09.114678,105.79133300000002
72.0,2021-04-26 19:21:09.314191,105.99084400000002
72.0,2021-04-26 19:21:09.514996,106.19165200000002
72.0,2021-04-26 19:21:09.713301,106.38995900000002
72.0,2021-04-26 19:21:09.916755,106.59341500000002
72.0,2021-04-26 19:21:10.116548,106.79318100000002
72.0,2021-04-26 19:21:10.315868,106.99252600000001
72.0,2021-04-26 19:21:10.515402,107.19205900000001
72.0,2021-04-26 19:21:10.714973,107.39163100000002
72.0,2021-04-26 19:21:10.916635,107.59329100000002
72.0,2021-04-26 19:21:11.114061,107.79071800000003
72.0,2021-04-26 19:21:11.313632,107.99028900000003
72.0,2021-04-26 19:21:11.513185,108.18984000000003
72.0,2021-04-26 19:21:11.716649,108.39330600000004
72.0,2021-04-26 19:21:11.917834,108.59449300000004
72.0,2021-04-26 19:21:12.115812,108.79246500000004
72.0,2021-04-26 19:21:12.315347,108.99199300000004
72.0,2021-04-26 19:21:12.514886,109.19154200000004
72.0,2021-04-26 19:21:12.714441,109.39109700000004
72.0,2021-04-26 19:21:12.916096,109.59273600000004
72.0,2021-04-26 19:21:13.113544,109.79020000000004
72.0,2021-04-26 19:21:13.313060,109.98971800000004
72.0,2021-04-26 19:21:13.516656,110.19330400000004
72.0,2021-04-26 19:21:13.716105,110.39276200000005
72.0,2021-04-26 19:21:13.915696,110.59235300000005
72.0,2021-04-26 19:21:14.115230,110.79188600000005
72.0,2021-04-26 19:21:14.314809,110.99146500000005
72.0,2021-04-26 19:21:14.514342,111.19099800000005
72.0,2021-04-26 19:21:14.713833,111.39049200000005
72.0,2021-04-26 19:21:14.914873,111.59152900000005
72.0,2021-04-26 19:21:15.112962,111.78962000000006
72.0,2021-04-26 19:21:15.316661,111.99332100000005
72.0,2021-04-26 19:21:15.516005,112.19266700000006
72.0,2021-04-26 19:21:15.715622,112.39227200000006
72.0,2021-04-26 19:21:15.915124,112.59178600000006
72.0,2021-04-26 19:21:16.114722,112.79136500000006
72.0,2021-04-26 19:21:16.314254,112.99091400000006
72.0,2021-04-26 19:21:16.513860,113.19051700000006
72.0,2021-04-26 19:21:16.713389,113.39004700000005
72.0,2021-04-26 19:21:16.912980,113.58963600000006
72.0,2021-04-26 19:21:17.116392,113.79304800000006
72.0,2021-04-26 19:21:17.316016,113.99267200000006
72.0,2021-04-26 19:21:17.515498,114.19215500000006
72.0,2021-04-26 19:21:17.715061,114.39171800000005
72.0,2021-04-26 19:21:17.914615,114.59126900000005
72.0,2021-04-26 19:21:18.114185,114.79084100000006
72.0,2021-04-26 19:21:18.313723,114.99037400000006
72.0,2021-04-26 19:21:18.513286,115.18993900000007
72.0,2021-04-26 19:21:18.712746,115.38940700000006
72.0,2021-04-26 19:21:18.916312,115.59296700000006
72.0,2021-04-26 19:21:19.115829,115.79248900000006
72.0,2021-04-26 19:21:19.315376,115.99203400000006
72.0,2021-04-26 19:21:19.515003,116.19166100000007
72.0,2021-04-26 19:21:19.714454,116.39111200000006
72.0,2021-04-26 19:21:19.914083,116.59073400000007
72.0,2021-04-26 19:21:20.113606,116.79026300000007
72.0,2021-04-26 19:21:20.313207,116.98986500000007
72.0,2021-04-26 19:21:20.512690,117.18934500000006
72.0,2021-04-26 19:21:20.716207,117.39286200000006
72.0,2021-04-26 19:21:20.915763,117.59242000000006
72.0,2021-04-26 19:21:21.115293,117.79194900000006
72.0,2021-04-26 19:21:21.314847,117.99150400000006
72.0,2021-04-26 19:21:21.514386,118.19104300000006
72.0,2021-04-26 19:21:21.713982,118.39063500000006
72.0,2021-04-26 19:21:21.913546,118.59019900000006
72.0,2021-04-26 19:21:22.113046,118.78970400000006
72.0,2021-04-26 19:21:22.312586,118.98924400000006
72.0,2021-04-26 19:21:22.516159,119.19280500000005
72.0,2021-04-26 19:21:22.715650,119.39230700000005
72.0,2021-04-26 19:21:22.915253,119.59190000000004
72.0,2021-04-26 19:21:23.114761,119.79141900000003
72.0,2021-04-26 19:21:23.314321,119.99097400000004
72.0,2021-04-26 19:21:23.515266,120.19191700000003
72.0,2021-04-26 19:21:23.713396,120.39005200000003
72.0,2021-04-26 19:21:23.913130,120.58979000000002
72.0,2021-04-26 19:21:24.112620,120.78927000000002
72.0,2021-04-26 19:21:24.312117,120.98876600000001
72.0,2021-04-26 19:21:24.515554,121.19221200000001
72.0,2021-04-26 19:21:24.715131,121.39178600000001
72.0,2021-04-26 19:21:24.914693,121.59134800000001
72.0,2021-04-26 19:21:25.114255,121.790906
72.0,2021-04-26 19:21:25.316845,121.99350000000001
72.0,2021-04-26 19:21:25.517245,122.19390000000001
72.0,2021-04-26 19:21:25.712884,122.38954600000001
72.0,2021-04-26 19:21:25.912458,122.58911900000001
72.0,2021-04-26 19:21:26.111933,122.78859500000002
72.0,2021-04-26 19:21:26.315514,122.99216500000001
72.0,2021-04-26 19:21:26.518191,123.19484200000001
72.0,2021-04-26 19:21:26.715026,123.391682
72.0,2021-04-26 19:21:26.914890,123.591542
72.0,2021-04-26 19:21:27.116062,123.792721
72.0,2021-04-26 19:21:27.315380,123.992022
72.0,2021-04-26 19:21:27.512749,124.189408
72.0,2021-04-26 19:21:27.712318,124.388976
72.0,2021-04-26 19:21:27.918790,124.595444
72.0,2021-04-26 19:21:28.115444,124.792095
72.0,2021-04-26 19:21:28.316213,124.992874
63.0,2021-04-26 19:21:28.514461,125.191119
63.0,2021-04-26 19:21:28.714061,125.390715
63.0,2021-04-26 19:21:28.913580,125.590237
63.0,2021-04-26 19:21:29.113233,125.78989200000001
63.0,2021-04-26 19:21:29.312632,125.98929000000001
54.0,2021-04-26 19:21:29.512227,126.18888700000001
54.0,2021-04-26 19:21:29.711747,126.38840900000001
54.0,2021-04-26 19:21:29.915275,126.59193300000001
54.0,2021-04-26 19:21:30.115786,126.79244100000001
54.0,2021-04-26 19:21:30.317634,126.99428800000001
54.0,2021-04-26 19:21:30.513938,127.190593
54.0,2021-04-26 19:21:30.713503,127.39016000000001
45.0,2021-04-26 19:21:30.913118,127.58977000000002
45.0,2021-04-26 19:21:31.112578,127.78923400000002
45.0,2021-04-26 19:21:31.312345,127.98900200000003
45.0,2021-04-26 19:21:31.511667,128.18832500000002
45.0,2021-04-26 19:21:31.715390,128.39203200000003
45.0,2021-04-26 19:21:31.914729,128.59138200000004
45.0,2021-04-26 19:21:32.114305,128.79096300000003
45.0,2021-04-26 19:21:32.313848,128.99050500000004
45.0,2021-04-26 19:21:32.513408,129.19006600000003
45.0,2021-04-26 19:21:32.712967,129.38962200000003
45.0,2021-04-26 19:21:32.912499,129.58915500000003
45.0,2021-04-26 19:21:33.112174,129.78882700000003
45.0,2021-04-26 19:21:33.311601,129.98825800000003
45.0,2021-04-26 19:21:33.517234,130.19388000000004
45.0,2021-04-26 19:21:33.714655,130.39131700000004
45.0,2021-04-26 19:21:33.914186,130.59084300000004
45.0,2021-04-26 19:21:34.113797,130.79044600000003
45.0,2021-04-26 19:21:34.313288,130.98994700000003
45.0,2021-04-26 19:21:34.514152,131.19081000000003
45.0,2021-04-26 19:21:34.712407,131.38906200000002
45.0,2021-04-26 19:21:34.912010,131.58866300000003
45.0,2021-04-26 19:21:35.111510,131.788168
45.0,2021-04-26 19:21:35.317403,131.99405700000003
45.0,2021-04-26 19:21:35.514542,132.19120100000004
45.0,2021-04-26 19:21:35.714203,132.39085800000004
45.0,2021-04-26 19:21:35.913637,132.59029800000005
45.0,2021-04-26 19:21:36.113177,132.78983500000004
45.0,2021-04-26 19:21:36.312781,132.98943500000004
45.0,2021-04-26 19:21:36.512315,133.18897000000004
45.0,2021-04-26 19:21:36.711845,133.38850100000005
45.0,2021-04-26 19:21:36.911393,133.58805200000006
45.0,2021-04-26 19:21:37.114926,133.79157200000006
45.0,2021-04-26 19:21:37.314433,133.99109000000007
45.0,2021-04-26 19:21:37.514012,134.19066900000007
45.0,2021-04-26 19:21:37.713855,134.39051100000006
45.0,2021-04-26 19:21:37.913077,134.58973500000005
45.0,2021-04-26 19:21:38.119374,134.79603100000006
45.0,2021-04-26 19:21:38.312228,134.98888800000006
45.0,2021-04-26 19:21:38.511770,135.18842700000005
45.0,2021-04-26 19:21:38.711305,135.38796100000005
45.0,2021-04-26 19:21:38.914812,135.59146500000006
45.0,2021-04-26 19:21:39.114376,135.79102700000004
45.0,2021-04-26 19:21:39.313900,135.99055600000005
45.0,2021-04-26 19:21:39.513486,136.19014300000006
45.0,2021-04-26 19:21:39.712986,136.38964200000007
45.0,2021-04-26 19:21:39.912626,136.58927700000007
45.0,2021-04-26 19:21:40.112136,136.78878900000007
45.0,2021-04-26 19:21:40.311672,136.98833000000008
45.0,2021-04-26 19:21:40.514028,137.19067700000008
45.0,2021-04-26 19:21:40.714711,137.39136800000009
45.0,2021-04-26 19:21:40.914414,137.59107400000008
45.0,2021-04-26 19:21:41.115905,137.79256500000008
45.0,2021-04-26 19:21:41.313370,137.99003100000007
45.0,2021-04-26 19:21:41.512922,138.18958000000006
45.0,2021-04-26 19:21:41.713273,138.38991700000005
45.0,2021-04-26 19:21:41.913885,138.59053600000004
45.0,2021-04-26 19:21:42.111607,138.78826700000005
45.0,2021-04-26 19:21:42.311153,138.98781000000005
45.0,2021-04-26 19:21:42.510786,139.18744200000006
45.0,2021-04-26 19:21:42.714185,139.39083400000007
45.0,2021-04-26 19:21:42.913721,139.59037900000007
45.0,2021-04-26 19:21:43.113303,139.78995700000007
45.0,2021-04-26 19:21:43.313165,139.98981600000008
45.0,2021-04-26 19:21:43.512378,140.18903500000008
45.0,2021-04-26 19:21:43.711922,140.38858100000007
45.0,2021-04-26 19:21:43.911498,140.58815400000006
45.0,2021-04-26 19:21:44.111635,140.78829000000005
45.0,2021-04-26 19:21:44.313155,140.98981300000005
45.0,2021-04-26 19:21:44.514038,141.19069600000006
36.0,2021-04-26 19:21:44.713624,141.39027600000006
36.0,2021-04-26 19:21:44.913219,141.58987500000006
36.0,2021-04-26 19:21:45.112723,141.78937900000005
36.0,2021-04-26 19:21:45.312330,141.98898000000005
27.0,2021-04-26 19:21:45.511814,142.18847100000005
27.0,2021-04-26 19:21:45.711380,142.38803800000005
27.0,2021-04-26 19:21:45.910955,142.58761300000006
27.0,2021-04-26 19:21:46.110641,142.78729300000006
27.0,2021-04-26 19:21:46.313962,142.99062100000006
27.0,2021-04-26 19:21:46.513567,143.19022000000007
27.0,2021-04-26 19:21:46.713083,143.38974000000007
27.0,2021-04-26 19:21:46.912656,143.58931200000006
27.0,2021-04-26 19:21:47.114361,143.79101500000007
27.0,2021-04-26 19:21:47.311741,143.98839800000007
27.0,2021-04-26 19:21:47.511259,144.18791700000008
27.0,2021-04-26 19:21:47.710870,144.38752200000008
27.0,2021-04-26 19:21:47.910440,144.58709000000007
27.0,2021-04-26 19:21:48.113869,144.79052700000008
27.0,2021-04-26 19:21:48.313426,144.9900800000001
27.0,2021-04-26 19:21:48.513836,145.19048500000008
27.0,2021-04-26 19:21:48.712572,145.38922500000007
27.0,2021-04-26 19:21:48.912135,145.58879000000007
27.0,2021-04-26 19:21:49.111639,145.7882960000001
27.0,2021-04-26 19:21:49.311263,145.98791400000007
27.0,2021-04-26 19:21:49.510738,146.18739400000007
27.0,2021-04-26 19:21:49.710270,146.38692900000007
27.0,2021-04-26 19:21:49.913832,146.59048400000006
27.0,2021-04-26 19:21:50.113333,146.78999600000006
27.0,2021-04-26 19:21:50.312918,146.98957800000005
27.0,2021-04-26 19:21:50.512480,147.18913600000005
27.0,2021-04-26 19:21:50.712069,147.38872500000005
27.0,2021-04-26 19:21:50.913318,147.58997500000004
27.0,2021-04-26 19:21:51.111084,147.78774200000004
27.0,2021-04-26 19:21:51.310654,147.98731100000003
27.0,2021-04-26 19:21:51.510301,148.18695800000003
27.0,2021-04-26 19:21:51.713697,148.39035700000002
27.0,2021-04-26 19:21:51.913260,148.589917
27.0,2021-04-26 19:21:52.115888,148.79254500000002
27.0,2021-04-26 19:21:52.315025,148.991677
27.0,2021-04-26 19:21:52.513987,149.190641
27.0,2021-04-26 19:21:52.711449,149.388106
27.0,2021-04-26 19:21:52.910972,149.58763299999998
27.0,2021-04-26 19:21:53.110618,149.78727099999998
27.0,2021-04-26 19:21:53.317362,149.99401999999998
27.0,2021-04-26 19:21:53.513622,150.19027899999998
27.0,2021-04-26 19:21:53.713227,150.38986599999998
27.0,2021-04-26 19:21:53.912807,150.58946099999997
27.0,2021-04-26 19:21:54.112273,150.78893099999996
27.0,2021-04-26 19:21:54.311761,150.98841799999997
27.0,2021-04-26 19:21:54.511358,151.18801499999998
27.0,2021-04-26 19:21:54.710953,151.38760599999998
27.0,2021-04-26 19:21:54.910465,151.58712199999997
27.0,2021-04-26 19:21:55.110043,151.78669699999998
27.0,2021-04-26 19:21:55.313547,151.99020299999998
27.0,2021-04-26 19:21:55.517639,152.19428599999998
27.0,2021-04-26 19:21:55.713777,152.39043599999997
27.0,2021-04-26 19:21:55.913602,152.59025799999998
27.0,2021-04-26 19:21:56.112273,152.78892399999998
27.0,2021-04-26 19:21:56.311281,152.987937
27.0,2021-04-26 19:21:56.510813,153.187468
27.0,2021-04-26 19:21:56.710423,153.38708
27.0,2021-04-26 19:21:56.911780,153.588435
27.0,2021-04-26 19:21:57.113404,153.79006
27.0,2021-04-26 19:21:57.312943,153.98960100000002
27.0,2021-04-26 19:21:57.513774,154.19042800000003
27.0,2021-04-26 19:21:57.712114,154.38876400000004
27.0,2021-04-26 19:21:57.911603,154.58826300000004
27.0,2021-04-26 19:21:58.111486,154.78814000000003
27.0,2021-04-26 19:21:58.310734,154.98738700000004
27.0,2021-04-26 19:21:58.510314,155.18697200000005
27.0,2021-04-26 19:21:58.709873,155.38652500000006
27.0,2021-04-26 19:21:58.913343,155.58999500000007
27.0,2021-04-26 19:21:59.113321,155.78997900000007
27.0,2021-04-26 19:21:59.312442,155.98909500000008
27.0,2021-04-26 19:21:59.512012,156.18867400000008
27.0,2021-04-26 19:21:59.711504,156.38816400000007
27.0,2021-04-26 19:21:59.911096,156.58775300000008
27.0,2021-04-26 19:22:00.110682,156.78733500000007
27.0,2021-04-26 19:22:00.310207,156.98686300000006
27.0,2021-04-26 19:22:00.509756,157.18641300000004
27.0,2021-04-26 19:22:00.713230,157.38989000000004
27.0,2021-04-26 19:22:00.912786,157.58944200000005
27.0,2021-04-26 19:22:01.112345,157.78900000000004
27.0,2021-04-26 19:22:01.312079,157.98872700000004
27.0,2021-04-26 19:22:01.511418,158.18808000000004
27.0,2021-04-26 19:22:01.710997,158.38765700000005
27.0,2021-04-26 19:22:01.910541,158.58719900000006
27.0,2021-04-26 19:22:02.110099,158.78675700000005
27.0,2021-04-26 19:22:02.309859,158.98649800000004
27.0,2021-04-26 19:22:02.509211,159.18586500000004
27.0,2021-04-26 19:22:02.717772,159.39442900000003
27.0,2021-04-26 19:22:02.914956,159.59160900000003
36.0,2021-04-26 19:22:03.113966,159.79062000000005
36.0,2021-04-26 19:22:03.311909,159.98855800000004
36.0,2021-04-26 19:22:03.510913,160.18756900000005
36.0,2021-04-26 19:22:03.711612,160.38826800000004
36.0,2021-04-26 19:22:03.909965,160.58661800000004
36.0,2021-04-26 19:22:04.109596,160.78623700000006
45.0,2021-04-26 19:22:04.309153,160.98580500000006
45.0,2021-04-26 19:22:04.512609,161.18926700000006
45.0,2021-04-26 19:22:04.712117,161.38877600000006
45.0,2021-04-26 19:22:04.911718,161.58837500000007
45.0,2021-04-26 19:22:05.111287,161.78794100000007
45.0,2021-04-26 19:22:05.315874,161.99253100000007
45.0,2021-04-26 19:22:05.510348,162.18699500000008
45.0,2021-04-26 19:22:05.709916,162.3865710000001
45.0,2021-04-26 19:22:05.909460,162.5861160000001
45.0,2021-04-26 19:22:06.109081,162.7857400000001
45.0,2021-04-26 19:22:06.312549,162.9892040000001
45.0,2021-04-26 19:22:06.512013,163.18867500000007
45.0,2021-04-26 19:22:06.711589,163.38824800000006
54.0,2021-04-26 19:22:06.911131,163.58778900000007
45.0,2021-04-26 19:22:07.110913,163.78757100000007
45.0,2021-04-26 19:22:07.312322,163.98898100000008
45.0,2021-04-26 19:22:07.510234,164.18689300000008
45.0,2021-04-26 19:22:07.709873,164.38652800000008
45.0,2021-04-26 19:22:07.908915,164.58557000000008
45.0,2021-04-26 19:22:08.112419,164.78907500000008
45.0,2021-04-26 19:22:08.317356,164.99401100000009
45.0,2021-04-26 19:22:08.515744,165.1924030000001
45.0,2021-04-26 19:22:08.711184,165.3878400000001
45.0,2021-04-26 19:22:08.910631,165.5872900000001
45.0,2021-04-26 19:22:09.111687,165.78834100000012
45.0,2021-04-26 19:22:09.309738,165.98639500000013
45.0,2021-04-26 19:22:09.513834,166.19049300000012
45.0,2021-04-26 19:22:09.712472,166.3891290000001
45.0,2021-04-26 19:22:09.912299,166.5889570000001
45.0,2021-04-26 19:22:10.114881,166.7915360000001
45.0,2021-04-26 19:22:10.311566,166.9882210000001
45.0,2021-04-26 19:22:10.510988,167.1876420000001
45.0,2021-04-26 19:22:10.710515,167.3871710000001
45.0,2021-04-26 19:22:10.910811,167.5874630000001
45.0,2021-04-26 19:22:11.113802,167.7904580000001
45.0,2021-04-26 19:22:11.309186,167.98584200000008
45.0,2021-04-26 19:22:11.510026,168.1866780000001
45.0,2021-04-26 19:22:11.712240,168.3888970000001
45.0,2021-04-26 19:22:11.911774,168.5884300000001
45.0,2021-04-26 19:22:12.111314,168.7879690000001
45.0,2021-04-26 19:22:12.310865,168.9875220000001
45.0,2021-04-26 19:22:12.510343,169.1870010000001
45.0,2021-04-26 19:22:12.710042,169.3866890000001
45.0,2021-04-26 19:22:12.913801,169.5904600000001
45.0,2021-04-26 19:22:13.109088,169.78574200000008
45.0,2021-04-26 19:22:13.308640,169.9852960000001
45.0,2021-04-26 19:22:13.512144,170.1887900000001
45.0,2021-04-26 19:22:13.711693,170.3883490000001
45.0,2021-04-26 19:22:13.911284,170.5879410000001
45.0,2021-04-26 19:22:14.110777,170.78743300000008
45.0,2021-04-26 19:22:14.310365,170.9870190000001
45.0,2021-04-26 19:22:14.510284,171.1869360000001
45.0,2021-04-26 19:22:14.709848,171.3865040000001
45.0,2021-04-26 19:22:14.909016,171.5856730000001
45.0,2021-04-26 19:22:15.110163,171.7868150000001
45.0,2021-04-26 19:22:15.312799,171.9894570000001
45.0,2021-04-26 19:22:15.511575,172.1882150000001
45.0,2021-04-26 19:22:15.711123,172.3877820000001
45.0,2021-04-26 19:22:15.910659,172.5873160000001
45.0,2021-04-26 19:22:16.110300,172.7869510000001
45.0,2021-04-26 19:22:16.309866,172.9865220000001
45.0,2021-04-26 19:22:16.509299,173.1859570000001
45.0,2021-04-26 19:22:16.708922,173.3855760000001
45.0,2021-04-26 19:22:16.908447,173.5851040000001
45.0,2021-04-26 19:22:17.112041,173.7886990000001
45.0,2021-04-26 19:22:17.314600,173.9912560000001
45.0,2021-04-26 19:22:17.511381,174.18803800000012
45.0,2021-04-26 19:22:17.711315,174.3879710000001
45.0,2021-04-26 19:22:17.910157,174.58681300000012
45.0,2021-04-26 19:22:18.109725,174.78638000000012
45.0,2021-04-26 19:22:18.309338,174.9859870000001
45.0,2021-04-26 19:22:18.508823,175.1854790000001
45.0,2021-04-26 19:22:18.708331,175.3849900000001
45.0,2021-04-26 19:22:18.911885,175.5885410000001
45.0,2021-04-26 19:22:19.111785,175.78844300000011
45.0,2021-04-26 19:22:19.310978,175.98763500000013
45.0,2021-04-26 19:22:19.510505,176.1871630000001
45.0,2021-04-26 19:22:19.710092,176.3867430000001
45.0,2021-04-26 19:22:19.909617,176.58627400000012
45.0,2021-04-26 19:22:20.109220,176.7858690000001
45.0,2021-04-26 19:22:20.308798,176.98545400000012
45.0,2021-04-26 19:22:20.508338,177.18498700000012
45.0,2021-04-26 19:22:20.711746,177.38840400000012
45.0,2021-04-26 19:22:20.911285,177.5879420000001
45.0,2021-04-26 19:22:21.110835,177.78749300000013
45.0,2021-04-26 19:22:21.310389,177.98704700000013
45.0,2021-04-26 19:22:21.509975,178.18662600000013
45.0,2021-04-26 19:22:21.709567,178.38621600000013
45.0,2021-04-26 19:22:21.909084,178.58574000000013
45.0,2021-04-26 19:22:22.108606,178.78526300000013
45.0,2021-04-26 19:22:22.308175,178.98483600000012
45.0,2021-04-26 19:22:22.507700,179.18435600000012
45.0,2021-04-26 19:22:22.711242,179.38790000000012
45.0,2021-04-26 19:22:22.911177,179.5878320000001
45.0,2021-04-26 19:22:23.110315,179.7869730000001
45.0,2021-04-26 19:22:23.309912,179.9865560000001
45.0,2021-04-26 19:22:23.509415,180.18607300000008
45.0,2021-04-26 19:22:23.708970,180.38562900000008
45.0,2021-04-26 19:22:23.908502,180.5851600000001
45.0,2021-04-26 19:22:24.108086,180.78474300000008
45.0,2021-04-26 19:22:24.309884,180.98653700000008
45.0,2021-04-26 19:22:24.517479,181.1941400000001
45.0,2021-04-26 19:22:24.710641,181.3872980000001
45.0,2021-04-26 19:22:24.910306,181.5869670000001
45.0,2021-04-26 19:22:25.109787,181.7864430000001
45.0,2021-04-26 19:22:25.309278,181.9859370000001
45.0,2021-04-26 19:22:25.508859,182.1855180000001
45.0,2021-04-26 19:22:25.708403,182.3850610000001
45.0,2021-04-26 19:22:25.907997,182.5846520000001
45.0,2021-04-26 19:22:26.107508,182.78416800000008
45.0,2021-04-26 19:22:26.311012,182.98767400000008
45.0,2021-04-26 19:22:26.510571,183.18723000000008
45.0,2021-04-26 19:22:26.710244,183.3868980000001
45.0,2021-04-26 19:22:26.909787,183.58644500000008
45.0,2021-04-26 19:22:27.109359,183.78601400000008
45.0,2021-04-26 19:22:27.308914,183.9855680000001
45.0,2021-04-26 19:22:27.508457,184.1851080000001
45.0,2021-04-26 19:22:27.707901,184.3845590000001
45.0,2021-04-26 19:22:27.907450,184.5841060000001
45.0,2021-04-26 19:22:28.110931,184.7875850000001
45.0,2021-04-26 19:22:28.310528,184.98717900000008
45.0,2021-04-26 19:22:28.510133,185.18678400000007
45.0,2021-04-26 19:22:28.709733,185.38638700000007
45.0,2021-04-26 19:22:28.909076,185.58573600000008
45.0,2021-04-26 19:22:29.108675,185.78532600000008
45.0,2021-04-26 19:22:29.308226,185.98488200000008
45.0,2021-04-26 19:22:29.507797,186.1844560000001
45.0,2021-04-26 19:22:29.707389,186.3840440000001
45.0,2021-04-26 19:22:29.910840,186.5874980000001
45.0,2021-04-26 19:22:30.110369,186.7870280000001
45.0,2021-04-26 19:22:30.309982,186.9866400000001
45.0,2021-04-26 19:22:30.509585,187.1862280000001
45.0,2021-04-26 19:22:30.709181,187.3858230000001
45.0,2021-04-26 19:22:30.908588,187.5852460000001
45.0,2021-04-26 19:22:31.108103,187.7847590000001
45.0,2021-04-26 19:22:31.307841,187.9844900000001
45.0,2021-04-26 19:22:31.507281,188.1839370000001
45.0,2021-04-26 19:22:31.712458,188.3891050000001
45.0,2021-04-26 19:22:31.910321,188.5869810000001
45.0,2021-04-26 19:22:32.109838,188.78649800000008
45.0,2021-04-26 19:22:32.309500,188.98615800000007
45.0,2021-04-26 19:22:32.509036,189.18568200000007
45.0,2021-04-26 19:22:32.708541,189.38519400000007
45.0,2021-04-26 19:22:32.908223,189.58485300000007
45.0,2021-04-26 19:22:33.107693,189.78434800000008
45.0,2021-04-26 19:22:33.307152,189.9838100000001
45.0,2021-04-26 19:22:33.510626,190.18728900000008
45.0,2021-04-26 19:22:33.710204,190.3868630000001
45.0,2021-04-26 19:22:33.909714,190.5863730000001
45.0,2021-04-26 19:22:34.109357,190.7860110000001
45.0,2021-04-26 19:22:34.308833,190.9854850000001
45.0,2021-04-26 19:22:34.508451,191.1851070000001
45.0,2021-04-26 19:22:34.707926,191.3845820000001
45.0,2021-04-26 19:22:34.907496,191.58415600000012
45.0,2021-04-26 19:22:35.107067,191.78372500000012
45.0,2021-04-26 19:22:35.310565,191.9872230000001
45.0,2021-04-26 19:22:35.510222,192.18686500000013
45.0,2021-04-26 19:22:35.709688,192.38634300000012
45.0,2021-04-26 19:22:35.909269,192.58592500000012
45.0,2021-04-26 19:22:36.108825,192.78547800000013
45.0,2021-04-26 19:22:36.308523,192.98517600000014
