yaw_lk,data
55.0,0.0
54.973063716182004,0.022289
54.973045075684595,1.024775
54.95674085948015,1.079685
54.93843511456721,1.13634
54.92558127334371,1.195361
54.9101913134035,1.2527119999999998
54.90411525486222,1.3167109999999997
54.89646361933374,1.3657769999999998
54.88994233125866,1.4211109999999998
54.88615782776586,1.4766909999999998
54.87757193972314,1.5334829999999997
54.88079114407751,1.5897549999999998
54.88285676630279,1.6464489999999998
54.8838803113339,1.6988979999999998
54.883892718171715,1.7571149999999998
54.8835887505765,1.8131769999999998
54.88359495396245,1.869649
54.895846642605626,1.923493
54.8993337241546,1.975374
54.90002249753371,2.030338
54.901046362699375,2.08539
54.90069265722761,2.1487209999999997
54.900072125310096,2.2101699999999997
54.89860148128818,2.263775
54.89983629276808,2.319734
54.90009691210812,2.374101
54.90046922721847,2.426452
54.925259376433914,2.4844299999999997
54.95066290487272,2.543497
54.939377577441924,2.59492
54.93938378713358,2.655196
54.915370906782286,2.716313
54.94463060215521,2.775538
54.90577284643173,2.841527
54.88618084103394,2.900939
54.885566676819614,2.967946
54.901609211024876,3.0160299999999998
54.90391762829585,3.069734
54.91243182631492,3.122511
54.91294077128944,3.1748109999999996
54.912735950072104,3.2249359999999996
54.91655305852132,3.2774459999999994
54.918011729805045,3.3326089999999993
54.90868840017698,3.3866019999999994
54.897368249573645,3.4399569999999993
54.88546716808689,3.4910099999999993
54.88582077318814,3.541749999999999
54.896962507457864,3.591879999999999
54.906139550954286,3.643918999999999
54.90690908687284,3.692251999999999
54.90724421205037,3.768346999999999
54.90578578802447,3.854804999999999
54.90297451766111,3.920062999999999
54.90225467071874,3.986224999999999
54.90068468029994,4.040676999999999
54.899580133647255,4.092269999999999
54.89735246920634,4.1447199999999995
54.89554683118906,4.194305999999999
54.892041154471976,4.246191
54.8982144740779,4.2978119999999995
54.90188785720786,4.3489949999999995
54.8961229901945,4.4019889999999995
54.88956451376756,4.4562859999999995
54.89171111900593,4.5113769999999995
54.89454648593814,4.563452
54.9002051034687,4.621897
54.904337809337896,4.7249039999999995
54.8987340340827,4.783541
54.90233919590202,4.842848999999999
54.90086849115061,4.9008009999999995
54.8975051973859,4.9578549999999995
54.899230175960845,5.009577999999999
54.89972658827074,5.060928
54.900899372957376,5.116044
54.900601516515465,5.171138
54.899180500783395,5.220966
54.896636389997205,5.273092
54.89416065057668,5.327043
54.891213474661036,5.379452
54.89807537268519,5.429962
54.902102432838376,5.483378
54.90199073422503,5.539789
54.88395765033631,5.5898769999999995
54.90003073137654,5.642213999999999
54.91184551663593,5.693089999999999
54.90167913898697,5.745774999999999
54.90445917192948,5.796948999999999
54.90398132957241,5.850268999999999
54.921667548601505,5.905377999999999
54.9000896184168,5.9616289999999985
54.9095153947083,6.0136569999999985
54.944034926481095,6.063711999999999
54.90766788947464,6.115901999999999
54.904391064676545,6.168053
54.891030112487165,6.220959
54.90426993298278,6.272684
54.89641969274555,6.323787
54.92208910014718,6.374297
54.90124351737466,6.430981
54.900107932571544,6.482635
54.90301819626833,6.534284
54.90301819626833,6.587447
54.9034836149203,6.63967
54.90348982055493,6.690168
54.90895077964805,6.74071
54.907225441432274,6.787203
54.90721302931715,6.842663
54.90567392738942,6.896287
54.907039221473084,6.954136
54.91858244939101,7.008044
54.922983454318654,7.062442
54.89886600112131,7.114884
54.896477032727304,7.16153
54.895583535379764,7.209421
54.90206128571556,7.261261
54.89866068603559,7.318227
54.898654480946085,7.372747
54.91153624530319,7.420975
54.90261123387371,7.473648000000001
54.96305315478774,7.529991000000001
54.96305315478774,7.586892000000001
54.91363998240714,7.638961000000001
54.91345998571214,7.692365000000001
54.89955063152875,7.744766
54.94716305512129,7.797726
54.91235280111061,7.84954
54.9500705347591,7.905906
54.92970499280269,7.963516
54.94569213363978,8.014782
54.93023443465154,8.069650000000001
54.94208055454508,8.121813000000001
54.94407396363638,8.170777000000001
54.98930922418315,8.224821
54.9531484032076,8.2794
54.95312976946316,8.334389000000002
54.952067646390226,8.389552000000002
54.92519831535382,8.443637000000003
54.955363419815974,8.491345000000003
54.953642834729884,8.542279000000002
54.95104650964478,8.595199000000003
54.94696587569784,8.646707000000003
54.94696587569784,8.695915000000003
54.93953805867815,8.749424000000003
54.94501502271802,8.803307000000004
54.95459756012805,8.856430000000003
54.95658521194952,8.913710000000004
54.90607839473418,8.966528000000004
54.93806374720616,9.020096000000004
54.936679019082106,9.071287000000003
54.935511654393025,9.125439000000004
54.931239687160065,9.177156000000004
54.9305815573443,9.230619000000004
54.92938327873457,9.285435000000005
54.928135357768426,9.341843000000004
54.92594378516583,9.391496000000004
54.93046954347332,9.444061000000003
54.94437699742313,9.495147000000003
54.94280580247002,9.549207000000003
54.94716527802807,9.603247000000003
54.949276872469184,9.660433000000003
54.950239548105216,9.714913000000003
54.95928885761919,9.765529000000003
54.97518521768441,9.820049000000003
55.008055896598975,9.871904000000002
55.01299255526121,9.920191000000003
54.9698084604243,9.969910000000002
54.9698146735555,10.022503000000002
54.925956175452036,10.075547000000002
54.96777443997364,10.128487000000002
54.96668096934495,10.183140000000002
54.964438156592905,10.240175000000002
54.96521472211862,10.293171000000003
54.96136911530336,10.342379000000003
54.95592103579556,10.396182000000003
54.94677140565892,10.448679000000004
54.94954751139197,10.500101000000004
54.95011269793615,10.553512000000005
54.95241073279607,10.607231000000004
54.952131230381454,10.661739000000004
54.95201321885108,10.715081000000005
54.95010019394066,10.764202000000004
54.950640542555035,10.816582000000004
54.9551310700245,10.863767000000005
54.94851585208496,10.914431000000004
54.95418003286398,10.967707000000004
54.9568384969769,11.021123000000005
54.94658303768074,11.073679000000004
54.949843553370705,11.131424000000004
54.94961375101029,11.181261000000005
54.95404208608476,11.229987000000005
54.95401724068813,11.277962000000004
54.953091750082024,11.331104000000003
54.958216024520254,11.385169000000003
54.95187996717151,11.438985000000002
54.952258844562955,11.490986000000003
54.951650152098,11.544855000000004
54.95097935558735,11.596299000000004
54.949780632011546,11.646763000000004
54.94825896947551,11.698468000000004
54.94529025702486,11.752885000000004
54.94257632972425,11.805603000000005
54.93909869992907,11.860259000000005
54.94738238655035,11.914580000000004
54.95761744945872,11.967625000000004
54.95744973212032,12.014673000000004
54.96414598171469,12.061103000000005
54.960642136688186,12.113449000000005
54.947261283737426,12.163666000000005
54.95622936520961,12.212860000000004
54.95754622364257,12.264726000000005
54.959738969706585,12.313435000000005
54.98333833136316,12.367323000000006
54.967310722047316,12.418172000000006
54.98210972809431,12.468936000000005
54.98004650692667,12.522679000000005
54.98609922381597,12.572327000000005
54.98653427189197,12.624378000000005
54.98921294623903,12.678471000000005
55.001040708671745,12.737005000000005
55.0111862999483,12.785082000000004
55.015501458740545,12.833836000000005
55.01813179786058,12.882257000000005
55.01622890837376,12.933585000000004
55.01634083917802,12.985519000000004
55.01895256325757,13.036888000000003
55.02053832815282,13.088525000000002
55.02432561699851,13.138546000000002
55.02414525749659,13.187546000000001
55.02543264696286,13.239984000000002
55.02483558280654,13.285558000000002
55.024443763705506,13.334450000000002
55.02101692581106,13.383030000000002
55.02946221807737,13.436425000000002
55.019205646264126,13.492637000000002
55.02069191902227,13.541373000000002
55.01997052865694,13.591637000000002
55.01683003419114,13.639496000000003
55.01268233073691,13.685637000000003
55.01133302969504,13.733971000000004
55.012122693424644,13.785771000000004
55.00894533942341,13.838943000000004
55.00447491754626,13.891575000000003
54.99847546479477,13.937794000000004
54.994745641968656,13.988957000000005
54.990667978898415,14.036676000000005
54.988890349069635,14.090411000000005
54.98401134799767,14.144208000000004
54.977479659909164,14.196700000000005
54.96108713249502,14.248654000000005
54.96484548048981,14.302353000000005
55.00516506137816,14.361433000000005
55.005177495633134,14.408094000000006
54.971231971869415,14.457590000000005
54.94199221925851,14.509606000000005
54.94199221925851,14.563102000000006
54.94199221925851,14.614538000000007
55.01137640607421,14.662534000000006
54.97669335287042,14.710389000000006
54.9500916067853,14.760079000000006
54.986785619599615,14.810001000000007
54.98965075769399,14.860553000000007
55.061910695088756,14.916285000000007
55.010877656114445,14.969282000000007
54.962155185534144,15.022586000000008
55.01835755753704,15.073099000000008
55.05878479712959,15.130760000000008
55.05878479712959,15.183227000000008
54.97147969233913,15.233832000000007
54.97478517863067,15.282291000000006
55.005977921052896,15.335724000000006
55.005977921052896,15.390725000000007
55.04679396618407,15.436303000000008
54.98836473507598,15.488891000000008
54.939861091232785,15.535474000000008
54.98850824380584,15.590294000000007
55.04552689961149,15.642063000000007
55.04530291878914,15.694711000000007
54.92979150137307,15.748123000000007
54.93360979539223,15.804349000000007
55.086078975140275,15.859987000000007
55.12720350851868,15.918344000000008
55.003488566924624,15.966901000000009
54.81255396712679,16.017212000000008
54.49327004726258,16.067032000000008
54.08784848486193,16.119975000000007
53.58281679593615,16.172469000000007
53.57929199312771,16.223812000000006
52.99241459605536,16.278564000000006
52.727780754809736,16.331522000000007
52.585158716004564,16.385391000000006
52.624332976020796,16.441416000000007
52.62385118586293,16.494608000000007
53.02183000472484,16.54727700000001
53.2969665669894,16.600075000000007
53.42449577143266,16.65521100000001
53.26179530326301,16.71392100000001
52.94326696811095,16.76618000000001
52.70787140460674,16.82198300000001
52.63968817387738,16.87326800000001
52.58325467932881,16.92569300000001
52.64630803636334,16.97840200000001
52.64630803636334,17.03141900000001
52.7129716048099,17.08623600000001
52.84540703558606,17.13891800000001
52.84540703558606,17.18677700000001
53.092480768544476,17.23409200000001
53.45274723028442,17.28321900000001
54.13670551339925,17.33802200000001
54.5987426065673,17.38955300000001
55.07327628810982,17.43999300000001
55.43631436346776,17.485536000000007
55.60086836464024,17.537201000000007
55.6483600189,17.586005000000007
55.60921842814325,17.642069000000006
55.562932724328235,17.691190000000006
55.440098861892984,17.736484000000004
55.51858410927132,17.786808000000004
55.719018938987105,17.841397000000004
55.91939015780976,17.891669000000004
56.04009831405454,17.938124000000006
56.040091979950546,17.986287000000004
56.071528134520555,18.037172000000005
56.00449474229069,18.091925000000007
55.88110882699881,18.143226000000006
55.70660036845511,18.191241000000005
55.54563266301309,18.240867000000005
55.54563894122858,18.291319000000005
55.65122598139803,18.345872000000004
55.796993929225735,18.397520000000004
55.797895776797425,18.446454000000003
55.78501743758932,18.499659
55.64277679084559,18.557032
54.82177891972315,18.610655
54.82177891972315,18.666619
54.31886672663023,18.715348000000002
53.87982090070159,18.767176000000003
53.35486876112091,18.821906000000002
52.830737454859324,18.875000000000004
52.269340407399,18.927573000000002
51.68035797393012,18.977420000000002
51.11975375804267,19.031057
50.607300090445264,19.082641
50.09094016005194,19.137532999999998
49.64675854889147,19.187523
48.93646899318202,19.238184
48.9364302748205,19.288324
48.372564159786634,19.338964999999998
47.87954712103378,19.389892999999997
47.9594080599879,19.442752999999996
48.073916177195656,19.498486999999997
48.07391074349383,19.547997999999996
48.135376771589264,19.591799999999996
48.35297551222825,19.640964999999994
48.50086499760704,19.693113999999994
48.9109429424568,19.745298999999996
49.431405625485134,19.798453999999996
49.431405625485134,19.854090999999997
50.391186236194805,19.913416999999995
50.747133906893296,19.965831999999995
50.972392226074554,20.017058999999996
51.11533611255833,20.069066999999997
51.27372538794961,20.122484999999998
51.58652469238497,20.177363999999997
51.80984146662252,20.261334999999995
52.104408280390025,20.312753999999995
52.296203828945465,20.364600999999993
52.296203828945465,20.416329999999995
52.47162867175003,20.469182999999994
52.56599310179428,20.519331999999995
52.68511288393244,20.568280999999995
52.68511288393244,20.614377999999995
52.71203497089943,20.665563999999996
52.660171108185395,20.718686999999996
52.4998757129359,20.772434999999994
52.21905701467575,20.822657999999993
52.02271969692298,20.873737999999992
51.997417938787684,20.929361999999994
52.118129085055585,20.982608999999993
52.37024403104876,21.037039999999994
52.73876235545752,21.088385999999993
52.73875043353677,21.136250999999994
52.933041931975936,21.182114999999996
52.5981719492947,21.232995999999996
52.33498371323386,21.285512999999998
52.0181413181429,21.339205999999997
51.75603864324084,21.386179999999996
51.7560152437008,21.432931999999997
51.773050101148634,21.483672
51.839099455587885,21.536285999999997
52.002789971345216,21.587361999999995
52.002789971345216,21.640356999999995
52.1220852894128,21.685163999999993
52.214860829137386,21.733161999999993
52.203665219261346,21.78187099999999
52.107351694393586,21.83296499999999
52.1116864350221,21.88638499999999
52.1116864350221,21.93910599999999
52.24622771530783,21.994076999999987
52.180265624516906,22.045512999999985
52.08162434140307,22.099331999999986
52.012444015378115,22.152904999999986
51.868429434639374,22.203872999999987
51.583372802559246,22.255890999999988
51.290565844832045,22.30696999999999
51.13506557722047,22.35823099999999
51.06806732235449,22.41612499999999
51.06821162547802,22.47130899999999
51.054618232830045,22.52357899999999
51.10580926816075,22.57937599999999
51.2316248370615,22.63171499999999
51.2963638739808,22.68493799999999
51.60713286084755,22.74102699999999
52.089048155658375,22.793358999999988
52.59500434274162,22.84530799999999
53.25426097880044,22.90004199999999
53.90260386962307,22.954785999999988
53.90260386962307,23.009542999999987
54.2233865549601,23.063929999999985
54.22358267542652,23.115907999999983
53.69531190214405,23.168468999999984
53.004984702582895,23.219219999999986
52.37474411377927,23.271804999999986
51.769046290531485,23.323992999999987
51.240124736379734,23.377436999999986
50.77154020809434,23.429755999999987
50.25318886799102,23.483749999999986
49.99450368047577,23.539640999999985
49.1520116221405,23.593055999999986
49.1520116221405,23.645484999999987
49.1520116221405,23.696276999999988
48.2003336193356,23.752810999999987
47.87358493846885,23.806936999999987
47.68518810519851,23.861908999999986
47.67039320125556,23.91872199999999
47.67039320125556,23.968802999999987
47.94930241639655,24.018953999999987
47.95176834211896,24.071631999999987
47.97065125870695,24.119953999999986
48.00607338063633,24.173363999999985
48.003203008817124,24.227216999999985
48.133599079273274,24.280673999999987
48.40386963852034,24.334264999999988
48.83093010176737,24.389153999999987
49.226578659568254,24.443029999999986
49.6261951929169,24.494779999999984
49.87792836688777,24.545516999999986
49.87848085225968,24.598006999999985
49.98847176044332,24.646506999999986
49.811894824559914,24.701406999999985
49.75857737800087,24.755189999999985
49.77195714954654,24.809602999999985
49.96562502299469,24.865505999999986
50.26594873622359,24.922439999999984
50.672332423696986,24.973480999999985
51.08180685836448,25.031143999999987
51.30785789529738,25.089772999999987
51.307985478313526,25.138893999999986
51.36881953137201,25.190549999999988
51.242100997676964,25.237707999999987
51.04439805379815,25.283705999999988
50.84393852571528,25.330679999999987
50.84393852571528,25.379655999999986
51.05593193937485,25.430812999999986
51.35364510225647,25.483128999999987
51.5701725609441,25.538252999999987
51.57019004757488,25.590379999999985
51.96428055017866,25.643114999999984
52.556327380389995,25.694650999999983
52.54867622234217,25.74361899999998
52.54886034607659,25.79438099999998
51.931687304789605,25.84815899999998
51.931693174527844,25.900871999999982
50.76221813511421,25.956100999999983
50.20823994867219,26.007796999999982
49.84501539378635,26.063554999999983
49.57940021640513,26.113059999999983
49.60023538192395,26.163059999999984
49.523615190480996,26.213585999999985
49.602322460581156,26.267575999999984
49.41928853618217,26.316223999999984
49.378015306315426,26.368391999999986
49.12294779967738,26.419323999999985
49.1345353910106,26.474000999999987
48.93697783401457,26.52619299999999
49.03464315085657,26.57957299999999
48.970518844707,26.63327799999999
48.970457959232995,26.68564499999999
49.12042423029549,26.74048199999999
49.180652181011894,26.791194999999988
49.180652181011894,26.84268899999999
49.34951722685096,26.895012999999988
49.4619505650153,26.94330899999999
49.4980322242839,26.99387999999999
49.390536294293774,27.04447399999999
49.0676267720328,27.09579699999999
48.64240794831154,27.14485699999999
48.18380133384119,27.19215699999999
48.00553887077206,27.24138599999999
47.834322284234695,27.29080799999999
47.892010930200584,27.34505699999999
47.61439797214809,27.39514999999999
47.61439797214809,27.44791699999999
47.35720350067988,27.49982499999999
47.27624401638764,27.55258999999999
46.7983336073963,27.606657999999992
46.7983336073963,27.663171999999992
46.94744003304857,27.71605899999999
46.94744003304857,27.76702199999999
47.010861867728636,27.81746099999999
47.010861867728636,27.86785099999999
46.7899299032106,27.92301399999999
46.468014322381016,27.969551999999993
45.92859341682661,28.01947399999999
45.52209492377279,28.06716299999999
44.99801785439212,28.12009499999999
44.81933004681128,28.170777999999988
44.018820589376844,28.22539899999999
43.57007774570171,28.27767699999999
43.56959759313866,28.33360499999999
43.38352452046411,28.385349999999992
43.383526972242066,28.440491999999992
43.05288998486003,28.492599999999992
42.471556067267514,28.543701999999993
42.09354003555919,28.59564899999999
41.699931256540154,28.64640799999999
41.35394949996898,28.69849699999999
40.996105389882054,28.751853999999987
40.518687241137386,28.801779999999987
39.940700031024114,28.851131999999986
39.455684276128515,28.903617999999984
38.9965662540214,28.960394999999984
38.996564050168146,29.010454999999983
38.20000117113661,29.06496999999998
37.87586055880472,29.11517699999998
37.489732579034325,29.163673999999983
37.03004546285078,29.21268699999998
37.03004337013355,29.263443999999982
36.11580013728969,29.317135999999984
35.77164652785426,29.368748999999983
35.77164854945429,29.420871999999985
35.439958548569585,29.470651999999983
35.095064913517874,29.520094999999984
34.610856422359966,29.572573999999985
34.59387443816022,29.618590999999984
34.68149343810455,29.665054999999985
34.848580718044836,29.713272999999983
34.848580718044836,29.76288699999998
35.066876705997714,29.816947999999982
35.090007932991554,29.868799999999982
35.13958289706654,29.920990999999983
35.13986687784466,29.973388999999983
35.13988872269644,30.02654199999998
35.14952628011307,30.081601999999982
35.23978223646973,30.134031999999983
35.297158568292595,30.189432999999983
35.343824563999036,30.240757999999982
35.343824563999036,30.29365199999998
35.46937452674469,30.346607999999982
35.4690197271609,30.404110999999983
35.33326514268474,30.464163999999982
35.33326514268474,30.52083899999998
35.16136444030921,30.57325999999998
35.0507578939792,30.62638299999998
35.2505176912418,30.68125099999998
35.473253887774135,30.73633799999998
35.473253887774135,30.79043599999998
35.7413914256384,30.838259999999977
36.05574087696613,30.89045899999998
36.12485203347632,30.951053999999978
36.08747717441233,31.007953999999977
36.08069600683211,31.062515999999977
36.08055327223555,31.112069999999978
36.2294595314932,31.16002499999998
36.40896762235333,31.208304999999978
36.5944659658756,31.264181999999977
36.74219247968359,31.318410999999976
36.826425730061715,31.369929999999975
36.8166877491278,31.421169999999975
36.857333432991645,31.471629999999976
36.97664935173513,31.524720999999975
37.26043473716447,31.579974999999976
37.26043684290193,31.633087999999976
37.72727886402865,31.689083999999976
37.834130093111156,31.738215999999976
37.77520456101819,31.791661999999977
37.62334348740708,31.843387999999976
37.36506827686883,31.897986999999976
37.07740865716214,31.949351999999976
36.718258139728825,32.008443999999976
36.38764540554291,32.064417999999975
36.38748500535904,32.12140399999998
36.15641516417974,32.17682299999998
35.7832676991946,32.227931999999974
35.59601683155686,32.279218999999976
35.41034128780506,32.33477299999998
35.32217124460577,32.393780999999976
35.17838507592104,32.44445199999998
35.00480249548186,32.49866099999998
34.911715349631294,32.552127999999975
34.90099208455983,32.60670499999998
34.98649741653783,32.661246999999975
35.13025178477137,32.716350999999975
35.20051141478593,32.768237999999975
35.12962388315194,32.818698999999974
35.0765186455867,32.86597099999997
35.103028151464585,32.91796099999998
35.103026167650874,32.967419999999976
35.4117353370558,33.01596499999997
35.609715986279085,33.066331999999974
35.60951876630801,33.117833999999974
35.789688274280444,33.16755199999997
35.91601502941117,33.21952499999997
35.89600160686535,33.27234099999997
35.82562039259643,33.32580699999997
35.746108325490646,33.38041099999997
35.796121346539536,33.43245499999997
35.796121346539536,33.486473999999966
35.840497506086436,33.53824199999997
36.08444360066369,33.58503199999997
36.216719293622575,33.63361699999997
36.23619005386293,33.684219999999975
36.20765321867138,33.742345999999976
36.288367176349745,33.793254999999974
36.28836512554774,33.846292999999974
36.89582905021613,33.899142999999974
37.27642196092897,33.954904999999975
37.552895414124634,34.00510799999998
37.699686158318876,34.06038299999998
37.80419871374841,34.11598199999998
37.80420085021617,34.16705299999998
38.24522764086945,34.21848499999998
38.24522764086945,34.27181699999998
38.57086297142983,34.324464999999975
38.66011467953062,34.378439999999976
38.7324918417004,34.43050999999998
38.91480557783205,34.48582799999998
39.16572702459146,34.53796499999998
39.55195213613332,34.58925299999998
39.97105076090481,34.64388199999998
40.359091208606664,34.695352999999976
40.6738263949151,34.74904099999998
40.67352067553042,34.80140399999998
40.95244499266296,34.85477599999998
41.006161934681806,34.90793499999998
41.04089084493035,34.96418699999998
41.179685239475816,35.01788199999998
41.1796829122457,35.072235999999975
42.00232845699583,35.122763999999975
42.00229759862283,35.174648999999974
42.26234566430694,35.23176099999997
42.50701257214758,35.28643499999997
42.791625486933626,35.34003699999997
43.18766286689034,35.39257399999997
43.49495301504003,35.44442699999997
43.49495547311527,35.497809999999966
43.663771173617036,35.54743599999997
43.84610330727151,35.59774499999997
43.870855251689754,35.64736399999997
43.87084285509482,35.69644799999997
44.33178283484935,35.742386999999965
44.917582937867586,35.790139999999965
44.91752455297042,35.83589399999997
46.167876116111046,35.886329999999965
46.937857326360515,35.945669999999964
46.93778305222647,35.99314799999996
48.218240570465824,36.044980999999964
48.21823512045129,36.099056999999966
48.750777780245826,36.14942099999997
48.97181970129963,36.199040999999966
49.32934316664146,36.250607999999964
49.70341019149972,36.302016999999964
50.067651084057054,36.35815399999996
50.31486101673256,36.41335999999996
50.477241684707046,36.46443399999996
50.58667020298964,36.518281999999964
50.58667020298964,36.571316999999965
50.860531529160674,36.62477099999997
51.314865973372754,36.67801099999997
51.31485437333252,36.73378999999997
51.31485437333252,36.78893199999997
50.89036259704271,36.84354599999997
50.89036259704271,36.895273999999965
49.99253253164356,36.95088799999996
49.51755781607362,37.003424999999964
49.09628112146462,37.05829699999997
48.82392909993951,37.115655999999966
48.82392909993951,37.16973099999996
48.29740594508266,37.21636199999996
48.14451678398783,37.26267199999996
48.06660278576541,37.31135099999996
48.0947722437104,37.36123599999996
48.09449500469397,37.41310899999996
48.22337235201241,37.46476099999996
48.27124492409806,37.51664999999996
48.25143416808504,37.56960499999996
48.28329507104479,37.62042199999996
48.28329507104479,37.67060699999996
48.44622477825079,37.71936499999996
49.28008798735289,37.771934999999964
49.81100126166326,37.82576299999997
50.32253554450381,37.881292999999964
50.73319895893627,37.94079999999997
50.86418127802581,37.991927999999966
50.726973732455,38.04471399999996
50.726973732455,38.09747799999997
50.428575722095765,38.14722799999997
50.428575722095765,38.19742199999997
49.85666473047751,38.250542999999965
49.43035603008266,38.30217199999996
49.20093632638989,38.35389399999996
49.06000726637839,38.40935199999996
49.059669011752916,38.46235399999996
49.265819921724926,38.51560399999996
49.562878444873554,38.56489399999996
49.562878444873554,38.61544999999996
50.02387792867274,38.66735799999996
50.472853224657314,38.72232899999996
50.91584045765652,38.777830999999956
51.09430049687635,38.83284099999996
51.09430049687635,38.88579299999996
52.243884142461894,38.93933399999996
53.06305876943119,38.99255499999996
53.90506393488624,39.04699999999996
54.61868139968632,39.099361999999964
55.26051585076338,39.152210999999966
55.672994737828965,39.20458699999997
56.12465318399849,39.25747299999997
56.38738225077869,39.31164599999997
56.57663908173582,39.359959999999965
56.57878771711761,39.41420799999997
56.578768532144565,39.470820999999965
55.50077805205485,39.52115599999996
54.5827533687941,39.573323999999964
54.58276570756033,39.628998999999965
55.25686350566468,39.685591999999964
54.29981634852922,39.74207599999996
53.52013290970855,39.793035999999965
53.106755553934065,39.84532799999997
52.8416527595367,39.896092999999965
52.890072545656125,39.953563999999965
53.032643362277284,40.00893399999997
53.03265535063163,40.061739999999965
53.15930634877158,40.117226999999964
53.15930634877158,40.16978199999996
53.1593484082271,40.224479999999964
51.49226048452957,40.27925299999996
51.49226048452957,40.33286099999996
49.955581404217384,40.38877199999996
49.415120934557635,40.44066499999996
49.09927246802646,40.49299199999996
48.93945520631967,40.54190199999996
48.93944414325561,40.59025599999996
48.88749753772026,40.64582699999996
48.88865792618449,40.69645699999996
48.59498978953276,40.74944799999996
48.28106036409729,40.80385099999996
48.28106036409729,40.853915999999955
47.41835052162453,40.90779099999995
47.25832880989085,40.96584599999996
47.24879420104418,41.01405199999996
47.36910363072276,41.066704999999956
47.36910363072276,41.116644999999956
48.235820692631066,41.172564999999956
48.712941706840304,41.22232599999995
49.21524216245343,41.27188599999995
49.49067943590832,41.32465199999995
49.49067943590832,41.37850899999995
49.79494494862142,41.43042499999995
49.93548176133923,41.48948699999995
50.337218293006146,41.54164599999995
50.92109374883513,41.59495999999995
50.920644818836536,41.64659799999995
52.1770334094136,41.696822999999945
52.722549313634836,41.74929099999994
53.04431838064907,41.80330099999994
53.376678744580374,41.85864099999994
53.376684777643206,41.91241499999994
54.25316221134221,41.96531799999994
54.092849935172694,42.01967399999994
54.092849935172694,42.06946899999994
53.81308505306847,42.12115899999994
53.44319673142989,42.175628999999944
53.18888826174027,42.23248099999994
53.15546845856203,42.28515699999994
53.13563585297327,42.34103199999994
52.95973744905822,42.39132399999994
52.96107829889236,42.44099999999994
52.00113720480701,42.487343999999936
51.23360649473904,42.536599999999936
50.43534560994479,42.589202999999934
50.43312237218936,42.641035999999936
49.00640248444366,42.68941799999993
48.526716515391556,42.738723999999934
48.144771344033565,42.79001299999993
48.028160930855925,42.84246999999993
47.81006430162889,42.895728999999925
47.81006430162889,42.95907399999992
47.03087356205051,43.01250899999992
46.56801546395177,43.06558199999992
46.17864858570268,43.11776199999992
45.83233586262355,43.16731699999992
45.596376540723384,43.21519199999992
45.596376540723384,43.270828999999914
45.433845240203816,43.32353899999991
45.343125035531074,43.37707199999991
45.37269654968389,43.43378999999991
45.37269654968389,43.48854599999991
45.29191417889185,43.540382999999906
45.19040954085982,43.591271999999904
45.10998236386799,43.641847999999904
44.8867564368262,43.6954049999999
44.65851146899625,43.7445229999999
44.486921137091926,43.791345999999905
44.486921137091926,43.838625999999906
44.4871976919809,43.8863039999999
43.97989733481828,43.942673999999904
43.82009330858096,43.98882199999991
43.67041913348933,44.03575499999991
43.67086337196522,44.08661799999991
43.5967784485135,44.14105399999991
43.503320456518765,44.19079199999991
43.503317997970655,44.24237299999991
42.87380924789931,44.29428599999991
42.45650564438667,44.34744499999991
42.172223709139736,44.39974199999991
42.172223709139736,44.44784899999991
42.175724809842585,44.49505999999991
42.43835776417146,44.54003899999991
42.66370073543341,44.585000999999906
42.66370073543341,44.638337999999905
42.8211430116787,44.688719999999904
42.72640260732281,44.7375849999999
42.91613305148188,44.787695999999904
42.91613305148188,44.836154999999906
43.33887153362459,44.88832599999991
43.935167019711756,44.93922999999991
44.66225029417907,44.99189299999991
45.48625471784546,45.04075199999991
46.388739941337654,45.09326799999991
46.8924307940287,45.14709599999991
47.13936528643025,45.20127699999991
47.31043900114477,45.25734999999991
47.31043900114477,45.31344299999991
47.3104336537373,45.36565299999991
47.56920536703614,45.41561299999991
47.56920536703614,45.46897999999991
47.78086278105329,45.52010799999991
47.763397309971076,45.57253599999991
47.87424685570739,45.62186799999991
47.95055466155673,45.669615999999905
47.8031480695694,45.71755999999991
47.60548115322632,45.77298199999991
47.46006623531115,45.833399999999905
47.35077895306967,45.885891999999906
47.28760968630726,45.939591999999905
47.18916866037383,45.990240999999905
47.05573547438653,46.04405799999991
46.692606773902575,46.09412899999991
46.692606773902575,46.14723399999991
46.58944073598661,46.197476999999914
46.519951729101834,46.246836999999914
46.436511571361095,46.295999999999914
46.436758256931014,46.34399899999991
46.56290972863617,46.394221999999914
46.73310715902381,46.44509199999992
46.73302264457944,46.49673399999992
46.929296522372056,46.54541599999992
47.030566746394264,46.59657699999992
47.03028501036933,46.64845899999992
46.935143856271885,46.70162699999992
46.687045454858776,46.75892899999992
46.687045454858776,46.80851599999992
45.91168259668818,46.85649599999992
45.568591449172985,46.90555599999992
45.31710652997802,46.96419799999992
45.14577724120473,47.01306199999992
45.12596840475518,47.06185599999992
45.1762746459815,47.11369399999992
45.274589170544054,47.166296999999915
45.406272633534776,47.21683199999991
45.406272633534776,47.26515099999991
45.52691999693687,47.31579899999991
45.37083699168478,47.365126999999916
45.24254536242803,47.418106999999914
45.134866656271996,47.46870399999992
45.0819640313957,47.520054999999914
45.0818926940141,47.56925899999992
45.22632518556094,47.61861199999992
45.44490764009365,47.66734099999992
45.444912776643726,47.720856999999924
46.029842618693,47.76955099999992
46.02983741602886,47.82024999999992
46.16529396430583,47.87083799999992
46.2478892738853,47.92145499999992
46.46592558183513,47.97665299999992
46.86493751648619,48.033100999999924
46.86493751648619,48.087756999999925
47.93312539453817,48.141430999999926
48.39784162218596,48.19390299999993
48.758838616128926,48.244532999999926
48.76471346715395,48.29616299999993
48.689643005748216,48.34374299999993
48.41108266006069,48.39252399999993
48.32603430012221,48.44585999999993
48.161999024507004,48.49471299999993
48.028449771162705,48.545841999999936
48.02832491421727,48.598866999999935
47.7271273163417,48.65355799999993
47.64264397431637,48.705500999999934
47.376422521498554,48.75796899999993
47.152803339675074,48.81133899999993
46.775217861271805,48.86683699999993
46.405419482035,48.920051999999934
46.405429972264734,48.97646799999993
45.84941619983546,49.027839999999934
45.12382054087957,49.079810999999935
44.39379508095494,49.12887499999994
43.34330259889578,49.18306299999994
43.04457078444769,49.23740399999994
42.84996829686702,49.290958999999944
42.75778915850144,49.339265999999945
42.56894873237728,49.393373999999945
42.09954497019489,49.44477599999995
41.63388023288023,49.499708999999946
41.18480602423225,49.553290999999945
41.18480835175176,49.602326999999946
40.80713104959579,49.65160099999994
40.358782843938165,49.702848999999944
40.173793228881216,49.75672999999994
39.97661045673629,49.81213399999994
39.9766127159758,49.863887999999946
39.845448040612105,49.914877999999945
39.46396152692575,49.973175999999945
39.12797393627329,50.03131899999995
38.70869983902084,50.08403899999995
38.33667698681839,50.135068999999945
38.33667698681839,50.18744999999994
38.063610232589575,50.23854399999994
38.14325790333383,50.29196699999994
38.14304449602745,50.34576799999994
38.406437217919915,50.39807599999994
38.66723830868561,50.44770799999994
39.424533786425584,50.49787099999994
39.8218622852471,50.54917899999994
40.23847824695599,50.60408199999994
40.754541769742985,50.65902899999994
41.11953043496352,50.71311999999994
41.35249444491141,50.76498699999994
41.667790295200945,50.81690899999994
41.980587422721605,50.86818899999994
42.349666564013646,50.919378999999935
42.633283382317,50.97196599999994
42.89319030247741,51.024765999999936
43.078161173970194,51.07821099999994
43.07816847753213,51.13232699999994
43.45129778219914,51.18550799999994
43.55146203665109,51.23894299999994
43.697434965890416,51.28830899999994
43.93218984561118,51.33806899999994
43.932192328396425,51.38860899999994
43.97617238882717,51.44131199999994
43.73635866029756,51.49159799999994
43.77244821541903,51.545281999999936
43.50263299939392,51.59878299999993
43.375097831454354,51.64989699999993
43.035246907650496,51.70247499999993
43.03524933974588,51.75888399999993
42.127727486920286,51.81385299999993
41.59097674804458,51.86526199999993
41.13372966695462,51.92014199999993
40.74854263159294,51.97406299999993
40.50414653016477,52.02729899999993
40.40407372437831,52.08256399999993
40.26124038066442,52.136036999999924
40.20465077034521,52.18849699999993
40.204643953964265,52.23907999999993
40.09720190353051,52.28768199999993
39.61570608698942,52.33527299999993
39.347736688363284,52.38875799999993
39.347738912062596,52.43930599999993
38.91125784425858,52.49263399999993
38.91155471359638,52.54301199999993
38.82607988154689,52.59529999999993
38.91440375406207,52.64936799999993
39.050288536593584,52.701363999999934
39.235757721689694,52.752611999999935
39.235757721689694,52.800344999999936
39.350854794492186,52.849167999999935
39.308819099249455,52.900292999999934
39.20795189529249,52.955787999999934
39.08525421325796,53.00710299999994
39.08525421325796,53.059812999999934
38.92106925041755,53.11195699999993
38.846171126624355,53.16334699999993
38.78453656815833,53.21511899999993
38.70468233840781,53.26615199999993
38.70468890048096,53.317032999999924
38.61442538163651,53.37005599999993
38.625087889006764,53.42262099999993
38.640330796988856,53.47406799999993
38.73862662818397,53.52574799999993
38.72887340340118,53.57747099999993
38.61130385928084,53.63154299999993
38.41421398234704,53.68348399999993
38.104329353922964,53.73623199999993
37.729182580624624,53.79104499999993
37.729182580624624,53.84311299999993
37.164310529614966,53.900331999999935
37.12759509628976,53.955685999999936
37.151926173172384,54.011687999999936
37.11044847239209,54.061641999999935
37.11046525048114,54.11344399999994
37.20835915253196,54.16801299999994
37.3264605004732,54.22043699999994
37.411016449519074,54.27216299999994
37.411016449519074,54.321850999999945
37.411016449519074,54.36743099999995
37.4434342055062,54.417232999999946
37.56340956477437,54.46398599999995
37.8026601087089,54.51758899999995
38.10552840589763,54.57096599999995
38.10552840589763,54.620146999999946
38.73571703307341,54.67310599999995
38.96499801603856,54.72283999999995
39.19226256841606,54.77260299999995
39.44402506645865,54.822756999999946
39.444022837317696,54.87450199999994
40.137053804975324,54.92535099999994
40.39493080082077,54.97864899999994
40.50030856355258,55.02797699999994
40.629389747190984,55.08148799999994
40.74395748439315,55.136880999999946
40.85310328205018,55.18963999999995
41.110693158192795,55.24174299999995
41.457996306632126,55.29018599999995
41.73356806767707,55.34076999999995
41.873440823745185,55.39214799999995
41.9961287520937,55.44466599999995
42.0577414536456,55.49361399999995
42.05773669994037,55.54306899999995
42.056619579338914,55.587829999999954
42.14527857047008,55.63460699999995
42.45289276373979,55.68606099999995
42.994410231821284,55.74253899999995
43.540616752324155,55.79423199999995
43.54061921298003,55.84903899999995
44.00733430012157,55.90320899999995
44.836189931040614,55.962247999999946
45.539846724923194,56.013169999999946
46.26980321176766,56.06229799999995
47.02302320141144,56.109339999999946
47.25068254564625,56.157698999999944
47.00926365302818,56.211735999999945
47.08613743532391,56.258945999999945
39.928409730422004,56.31315999999995
38.91288750033986,56.361698999999945
38.427791482875335,56.411672999999944
39.148959742609556,56.46374999999994
39.14897301740331,56.51814199999994
39.724592606688184,56.57062999999994
39.72441076193443,56.62047399999994
39.150980548419405,56.671599999999934
39.01459049003214,56.719526999999935
38.82429461298954,56.77235799999993
38.371229098591414,56.825578999999934
38.111226566893144,56.87840699999993
37.746798215026324,56.93129699999993
37.74700300451317,56.98620899999993
37.68381443888474,57.04001899999993
37.85638327115771,57.09165899999993
38.151800377008,57.14328799999993
38.15180900145651,57.19284499999993
38.75392285405987,57.244482999999924
38.953173075909724,57.29431699999992
39.0271423485811,57.345338999999925
38.969437726791895,57.401272999999925
38.96945314303268,57.45378699999993
38.745369185340756,57.51007199999993
38.574814604583594,57.56352999999993
38.37234321870039,57.61766299999993
38.322966914201274,57.66892599999993
38.39399601344207,57.71867099999993
38.553074869605126,57.768203999999926
38.76191622637152,57.821717999999926
38.76196880058515,57.87329999999993
39.1065757136054,57.92586199999993
39.106584553886734,57.97859099999993
39.21818871076529,58.03481299999993
39.23842424220796,58.09116999999993
39.37295019156763,58.14489999999993
39.37295019156763,58.19458399999993
39.82416755803043,58.243122999999926
40.02132225039536,58.29882499999992
40.20031165395357,58.352754999999924
40.23026414310546,58.40673999999992
40.13553338806742,58.45724299999992
40.13620478144821,58.51187699999992
40.027434966052155,58.56647099999992
40.06566013130237,58.61748799999992
40.057477052072265,58.66981199999992
40.057463469214646,58.72071999999992
40.08984499079078,58.772189999999924
40.238337226358304,58.824411999999924
40.63420731977465,58.879872999999925
40.93267310841434,58.93099099999993
40.93024880097022,58.98679199999993
40.93024880097022,59.03894299999993
40.154571880853815,59.09334199999993
39.489411481157596,59.14623599999993
38.86938108717639,59.19672199999993
38.45914941033763,59.24665899999993
38.459032042327955,59.30093899999993
38.06802605831788,59.358303999999926
37.93883152453299,59.40933499999993
37.938822948227404,59.46221599999993
37.90641738487068,59.51605299999993
37.814705753679924,59.566995999999925
37.430321040890384,59.61958299999993
36.97108106998509,59.66928399999993
39.359026554762444,59.72267399999993
38.41198378821616,59.774569999999926
37.61716333713055,59.827431999999924
37.178798993730766,59.88146499999992
37.17880949935024,59.93252699999992
36.70858834457033,59.98922499999992
36.33307397778461,60.04180699999992
35.608774647406975,60.09732799999992
34.66815483628431,60.14997699999992
33.654451352542885,60.204778999999924
32.6964682745679,60.25860699999993
31.82334142152367,60.31482399999992
31.190927254992296,60.36505399999992
30.76229067821602,60.414108999999925
30.425751629873403,60.46619799999993
30.31743114502394,60.515026999999925
30.359703170871764,60.561068999999925
30.534373310981778,60.609584999999925
30.820903983206147,60.65757299999992
31.0044615260473,60.71440899999992
31.007319343336807,60.76524799999992
30.812812143874385,60.81152899999992
30.446629293030362,60.85928199999992
30.020765490154417,60.90880199999992
29.675834245677404,60.96246899999992
29.67583089147522,61.01365999999992
29.411883720048202,61.065557999999925
29.093555502648105,61.115784999999924
29.136171371397264,61.16875999999993
29.224394690325628,61.21836999999993
29.29041198274742,61.26900099999993
29.39447528749072,61.32222299999993
29.448823118567198,61.37461899999993
29.79274321725363,61.428809999999935
29.79263714364395,61.48108199999994
29.792586632581084,61.53519499999994
30.09828916896093,61.58184799999994
30.851493126527938,61.630921999999934
31.267608679702573,61.681210999999934
31.691596740921277,61.73270199999993
32.10159703060835,61.782651999999935
32.10159703060835,61.835591999999934
32.531130270905905,61.88984499999994
33.493232300839686,61.943134999999934
33.83808650026515,61.99533499999993
34.15296831162171,62.046503999999935
34.37635870149049,62.09603499999994
34.56181718596279,62.147207999999935
34.799351159362885,62.202947999999935
35.00561162294992,62.25611499999994
35.00561360125823,62.314050999999935
35.13164767420818,62.36421999999993
35.17694925597847,62.41433799999993
35.319595583070026,62.46760899999993
35.42682354003812,62.51880499999993
35.557835788437046,62.56947099999993
35.81531717595876,62.626016999999926
35.98690147159273,62.678090999999924
36.02555114084809,62.73210399999992
35.91657085172979,62.78366399999992
35.75849687326502,62.835192999999926
35.66249404572882,62.89011899999993
35.66249001486605,62.93540699999993
35.4547736334595,62.99043399999993
35.22655308423064,63.04287599999993
35.04427991193484,63.09490299999993
35.04427793144122,63.14971699999993
34.8995890178649,63.19952199999993
34.865919602122574,63.25282499999993
35.0313555406282,63.30622899999993
35.361908683554255,63.36067399999993
35.709430117769394,63.411189999999934
35.709432135853326,63.462417999999936
36.20717238503426,63.51448499999994
36.35051986165065,63.564824999999935
36.472817312438444,63.615558999999934
36.61838933900194,63.66405599999993
36.73459118790231,63.71573699999993
36.90094474006238,63.76287199999993
37.01919438004514,63.81299999999993
37.1600243603835,63.86312299999993
37.16002226032064,63.91693999999993
37.39083385646712,63.96844499999993
37.99825275682514,64.01634199999994
38.3169019772465,64.06520099999993
38.66495357991684,64.11652699999993
39.0084270411143,64.16818399999994
39.00824186113567,64.22050899999994
39.67362122899112,64.27331099999994
40.00149935727135,64.32567199999994
40.32771058622859,64.38180999999994
40.75770946791335,64.43682999999994
40.757714074678475,64.48895099999994
41.47942380052679,64.53942799999994
41.838344288499826,64.59068699999995
42.181194788452416,64.64118399999994
42.37523850634001,64.69010799999994
42.37523850634001,64.74083399999994
42.54829122969167,64.79291899999994
42.55726029652555,64.84376099999994
42.60490016943417,64.89481199999994
42.68329731556119,64.94996199999994
42.790712817443215,65.00505599999994
42.8098655616242,65.05740099999994
42.62558788782672,65.11040099999994
42.536225704741206,65.16351599999994
42.45031054436074,65.21473199999994
42.45030574628419,65.26195799999994
42.25307123584124,65.31616499999994
41.99704628649113,65.36960499999994
41.631491755588954,65.41894999999994
41.34527336755846,65.47183099999994
41.34527336755846,65.51964999999994
41.108534927670505,65.56961899999995
40.943907682817546,65.61935299999995
40.943907682817546,65.67171399999995
40.56037786723262,65.71864499999995
40.56037786723262,65.76344699999996
40.323590450778156,65.80868999999996
40.205746624518646,65.86233799999995
40.10169854975793,65.91200199999996
39.90589854004289,65.96349499999995
39.90589854004289,66.01587999999995
39.03635791636006,66.06949599999996
38.6202561858983,66.11911599999996
38.37920697270459,66.17132399999996
38.379198296849424,66.22530099999996
38.30694579137521,66.27744599999996
38.321060809107045,66.32903799999995
38.24245103934245,66.38477199999996
38.061309275504904,66.43866499999996
37.87944668730767,66.48860399999995
37.80894420423929,66.53569399999995
37.84819177001843,66.58727699999994
37.996100437739464,66.63545699999995
38.15679674558489,66.69162499999995
38.308007440153325,66.74129999999994
38.554689365595536,66.78898299999994
39.452222746300826,66.83831499999995
39.452222746300826,66.89312199999995
39.88690192981847,66.94284799999996
40.27975411931482,66.99979399999995
40.27974956657207,67.05027299999995
40.98116324672348,67.10315499999994
41.24594350147433,67.15749899999994
41.58864339237889,67.20847199999994
41.93235740479059,67.25867999999994
41.93238110245712,67.30791399999994
42.01044126014907,67.35463099999994
42.010417518354195,67.40334199999994
42.01015161040188,67.45718699999993
41.630048095182346,67.50757399999993
41.6063095344546,67.55992499999994
41.84135422087423,67.60881999999994
42.06335928127535,67.65911599999994
42.25484508703127,67.71549899999994
42.25483553506434,67.77103899999993
42.402733381655224,67.82211899999993
42.77503023959782,67.87623899999993
43.002313199889194,67.93277799999993
43.31594464066353,67.98676299999993
43.625963928511666,68.04022199999993
43.86474558803928,68.09067499999993
44.01381123483674,68.13920999999993
44.058649071282815,68.19190399999994
43.94197583891846,68.24291399999994
43.86589628683733,68.29165499999995
43.87100310663164,68.34132999999994
43.911842586610554,68.39251999999995
43.957772693591224,68.44545599999995
43.93217517694023,68.49444699999995
43.932150349096,68.54600699999995
43.95443084391212,68.59193399999995
43.63031798834549,68.64132599999995
43.512584538858434,68.68885599999994
43.43823696619564,68.73964399999994
43.333202899149896,68.79090699999995
43.143910090261556,68.83964999999995
42.94891457377084,68.89324999999995
42.78361628251204,68.94426899999995
42.67971053401053,68.99404399999995
42.55203841272315,69.04089399999995
42.55200474570057,69.08805999999996
42.32603186893598,69.13586299999996
42.29160120811052,69.18986399999996
42.25448343700355,69.24302399999996
42.30985571539718,69.29238499999997
42.29246284958897,69.34689599999997
42.11823761251498,69.39994299999998
41.90418931813434,69.45534499999998
41.571058174415654,69.50988699999998
41.356623768908726,69.56477499999998
41.315998043587776,69.61342699999999
41.35748981544032,69.66221399999999
41.411532370480046,69.71114399999999
41.532368430013776,69.767569
41.66479529106732,69.81572399999999
41.66479529106732,69.86809
41.71971033667292,69.91746499999999
41.71966318169071,69.96874999999999
41.84543009257926,70.01848299999999
41.84543009257926,70.07225199999999
42.18666907124853,70.124984
43.234822330741046,70.179333
43.61129742753379,70.233806
43.89567864082107,70.291137
44.18677150485459,70.344481
44.18677150485459,70.393979
44.51636333924585,70.445622
44.65150201186293,70.498985
44.71035864440217,70.551094
44.8145977132044,70.60775000000001
44.81421274984514,70.66185200000001
44.88475161417917,70.71306700000001
45.17483928974553,70.763321
45.29445813198105,70.81658
45.456926894280585,70.86972300000001
45.456926894280585,70.923197
45.56265991504129,70.97184800000001
45.56266506490067,71.02008500000001
45.86487944711962,71.066336
45.92441271756083,71.11675000000001
45.943857258083646,71.16677100000001
46.04713974879342,71.21589000000002
46.1190623815549,71.27045700000002
46.19553861448764,71.32255700000002
46.342249299255734,71.37769100000001
46.342249299255734,71.43508200000001
46.50592029985409,71.49023700000001
46.516795945142675,71.539051
46.50267901115189,71.590428
46.43828643296296,71.645176
46.443535262719294,71.699116
46.469304680331405,71.750904
46.467860288016965,71.80417
46.338824915707484,71.860768
46.263676005762534,71.90995199999999
46.263686463950286,71.96082299999999
46.039096831152854,72.012519
45.93604775950354,72.064139
45.80589313199485,72.117645
45.59741671657307,72.166296
45.44028287797358,72.214585
45.52617266323928,72.267558
45.60232439994303,72.31973199999999
45.653130754789025,72.37912099999998
45.80339759379074,72.43077099999998
45.80337688551275,72.47966399999999
46.208710181532616,72.53254499999998
46.26206713583475,72.58763699999999
46.30121600020175,72.64144399999999
46.21915204348481,72.69507399999999
46.21915204348481,72.74719199999998
46.20098275786659,72.79934899999998
46.24532282593176,72.85419199999998
46.18616341976496,72.90992199999998
46.01659135008946,72.96432899999998
46.01659135008946,73.01193399999998
45.55342748428933,73.05843399999998
45.422462204082535,73.10755099999997
45.422462204082535,73.16222799999997
45.295184885142035,73.21174799999997
45.295184885142035,73.26623999999997
45.051162974383864,73.31882299999997
45.05115788233799,73.36849099999996
44.84832644200696,73.42048299999996
44.665290669621974,73.47459699999996
44.665290669621974,73.52443699999996
44.21058349535505,73.58068699999997
43.916677778976066,73.63552699999997
43.68259408726453,73.69032399999996
43.608296706370666,73.74480099999997
43.61094355868947,73.79442399999996
43.9443193153854,73.84856399999997
44.143523470123405,73.89771099999997
44.302737047273155,73.95225899999997
44.450006232268485,74.00004999999997
44.44999618407191,74.04836599999997
44.723281948687855,74.09790099999998
44.918156718382306,74.14507899999998
45.07634119475431,74.19966799999997
45.07635138453775,74.25388899999997
45.64498728289352,74.30541099999998
46.01016843691517,74.35946299999998
46.01029324748493,74.41236999999998
46.22548805526724,74.46305999999998
46.334638883419665,74.51364699999998
46.36351633373288,74.56212499999998
46.36351633373288,74.61398399999997
46.36351633373288,74.66444299999998
45.824679640809826,74.71768299999998
45.89017410176293,74.77034899999998
45.987443618876554,74.82145399999999
46.183013547777406,74.86924099999999
46.30954578433138,74.91622699999999
46.52749590469652,74.96518099999999
46.79230846531133,75.02337899999999
46.79235077606479,75.072925
47.29462218454159,75.117997
47.565308330867566,75.164311
47.87318265121572,75.212408
48.10324811480761,75.263785
48.41885064972427,75.313711
48.72300081923349,75.362852
49.033445178023214,75.412441
49.3600222349713,75.462965
49.83582746232582,75.512436
50.16726982747324,75.56466999999999
50.39598176284053,75.61595299999999
50.39597606668012,75.66987499999999
50.51508276738567,75.72153099999998
50.515077057763506,75.77325399999998
50.70108510766628,75.82826699999998
51.124866353564705,75.88486499999998
51.28002606069311,75.93676799999997
51.258621129025116,75.98888099999998
51.218946125691744,76.03387699999998
51.219357157363895,76.08933799999997
51.16301642025639,76.14399899999997
51.03338211814899,76.19348399999997
50.817282103266095,76.24377599999997
50.81729359082444,76.29390799999997
50.284931297839236,76.34428899999997
50.06595890967917,76.39512299999997
49.99278420958094,76.44175399999997
49.84010532804533,76.48717199999997
49.631356623003825,76.53386299999997
49.37600703599453,76.58301499999997
49.032872539760504,76.63742399999998
48.736808506653844,76.68984099999999
48.385804286046174,76.74478999999998
48.14667427523986,76.79463799999998
48.14673413642071,76.84523299999998
47.87281447419868,76.90053499999998
47.873999476998364,76.96270199999998
47.92370048217914,77.01773799999998
47.97505643517207,77.06724699999998
47.974844956584,77.11786199999997
47.846402104423966,77.17101699999998
47.64073638357263,77.22279599999997
47.24976115623493,77.27381999999997
46.89944249249746,77.32462799999998
46.6240738696362,77.37728999999997
46.63921408821298,77.43535799999998
46.88782519656781,77.49155799999998
47.25027819281117,77.53831699999998
47.24997911878471,77.59130199999998
47.80440544847374,77.64454499999998
47.894428822585,77.69370299999999
47.783578329443536,77.74515799999999
47.78697548642248,77.79992299999999
47.696822897645276,77.855234
47.58254818123706,77.90928799999999
47.667442491295745,77.96610399999999
47.6825767060172,78.02249099999999
47.717710657562804,78.07734399999998
47.89530586975404,78.13276599999998
48.10440825560983,78.18615099999998
48.346546217358345,78.23988299999998
48.56811597483122,78.29097299999998
48.722520836623225,78.34414499999998
48.70075712379292,78.39750899999999
48.705606634497364,78.44781799999998
48.56345392741684,78.49852899999999
48.41486579515872,78.552421
48.40386659536937,78.604047
48.43396254152067,78.65245399999999
48.433902323151806,78.70171099999999
48.4417580733229,78.75324899999998
48.4417580733229,78.80538499999999
48.232158945356495,78.86222999999998
48.232093526304105,78.91217199999998
48.15761403617865,78.96647399999999
48.00852582811987,79.02164499999999
47.80499033331838,79.07245999999999
47.65356809559991,79.118394
47.65375122608349,79.16713899999999
47.512282383857894,79.21463499999999
47.1263997518666,79.26730299999998
46.96253737534223,79.31663799999998
46.80015244431348,79.36863499999998
46.621571133445606,79.41842499999998
46.423947347116396,79.47484399999999
46.13113734121507,79.52377499999999
45.85006013618975,79.57190999999999
45.57153507537844,79.62028
45.57154022624097,79.67204699999999
45.2634413494424,79.724076
44.78298898392687,79.778549
44.520001496625696,79.830068
44.26107440458803,79.884635
44.03660129526119,79.93394500000001
43.78314356197609,79.98715200000001
43.45535987317276,80.03936200000001
43.20263453059438,80.08891000000001
42.92447791994824,80.13764600000002
42.924463364935924,80.18666100000002
42.45209030375154,80.24341100000001
42.26699674098624,80.294273
42.14525057659965,80.341751
42.01631908154279,80.38862
42.019842856856386,80.436901
41.796643787862024,80.483896
41.2744030534313,80.54017400000001
41.17127022869011,80.59482500000001
41.19596640145845,80.64437300000002
41.281372264420455,80.69406400000001
41.28137693037417,80.74421800000002
41.446775676376134,80.79457800000002
41.56986482736544,80.84753900000001
41.62639791899988,80.895148
41.50597939546982,80.949696
41.50598408681045,81.004621
41.460173140425574,81.057269
41.578592485321515,81.11206800000001
41.82176589406271,81.1658
42.16390384183994,81.217898
42.609640188764594,81.2706
42.93828503161502,81.324088
43.11239955999345,81.379473
43.260272923013325,81.433396
43.34609562157478,81.484644
43.516851809940434,81.537889
43.79645600350641,81.59187100000001
44.11864659317883,81.64163800000001
44.422752173130185,81.69432900000001
44.7885584260207,81.74876400000001
44.78824455944102,81.799732
45.24265943400628,81.85480100000001
45.38640015598781,81.90636300000001
45.58823753054217,81.96264100000002
45.88979194055826,82.01492300000002
46.22581063893667,82.06093900000002
46.55841185033232,82.11256000000002
46.806029163429734,82.16325500000002
46.95016068498288,82.22117500000002
47.01323064706661,82.27527800000001
47.006157959847904,82.33192200000002
47.04998502204621,82.38640900000001
47.102106434897166,82.43456900000001
47.22407074473841,82.48531700000001
47.39753888383677,82.535099
47.567369136042686,82.593378
47.78506150713625,82.644662
47.91746292380585,82.69519199999999
47.9275475497241,82.74705999999999
47.93963864651806,82.79925999999999
48.0429536568797,82.85299799999999
48.138986782628166,82.90719399999999
48.174195860078434,82.963957
48.17420130511468,83.018182
47.73994872553325,83.07289999999999
47.405874413479125,83.12354699999999
46.90049488005843,83.17802899999998
46.899127203409236,83.23180599999998
46.89784438132635,83.28657999999997
46.63244529363418,83.34061899999998
46.489686348504996,83.39532999999997
46.13780942179153,83.44872499999997
45.80840189143826,83.50506999999996
45.48768363894697,83.56232099999995
45.11822885711249,83.61507699999996
44.782551062121605,83.66852499999996
44.559447164103986,83.71954799999996
44.404253433441426,83.77043799999996
44.20549388884607,83.82211599999995
44.20549388884607,83.87444599999995
43.98758321210473,83.92601499999995
43.307650450542205,83.98117099999995
42.920344946233776,84.04113199999995
42.604677126042056,84.09064399999994
42.24476002386949,84.14050099999994
42.24475047418235,84.19378299999994
41.65601716970325,84.24514999999994
41.38934381669457,84.29797699999993
41.1677956323242,84.35107499999994
40.93486062692664,84.40614499999994
40.931149942810386,84.46291499999994
40.52888255246148,84.51433299999994
40.38490482592793,84.56787299999993
40.30799997787074,84.61924399999994
40.30798631006476,84.67052799999993
40.48868375574684,84.71716899999993
40.68996569495006,84.76790899999993
40.816068641974915,84.81737399999993
40.90902325974419,84.86859499999993
40.92197933739603,84.92040999999993
40.92197933739603,84.96936499999994
40.725180701775066,85.02359599999994
40.67479989859978,85.07709799999994
40.64402954046794,85.13118699999994
40.593836413166784,85.18841099999995
40.594428296496645,85.23812999999994
40.48568535502857,85.28892599999995
40.43920673246195,85.33800799999995
40.44275821715694,85.38526099999994
40.40992352609952,85.43903099999994
40.40995549828836,85.48959199999994
40.5091652787628,85.53788299999995
40.499966725403944,85.59097399999995
40.60409871992768,85.64128699999995
40.717144889595154,85.69210699999995
40.8272198352817,85.74194999999995
40.96140380636125,85.79460899999995
41.142322043727106,85.84780299999996
41.31265557984858,85.89631999999996
41.36877817544933,85.94870099999996
41.404945743988094,86.00162499999996
41.47850942198354,86.05491499999997
41.48549489324714,86.10592399999996
41.47999935559355,86.16170099999997
41.478855384980534,86.20981899999997
41.47886476153023,86.26136799999996
41.55308954574886,86.31541199999997
41.58161239469039,86.36263299999996
41.61432832394832,86.41401399999997
41.67532914498796,86.46581199999997
41.82255996726215,86.51623799999997
41.99588939053866,86.56431799999997
41.99235783516999,86.61935399999997
42.17272729933242,86.67262899999997
42.190087627478235,86.72163699999997
42.264078218979876,86.77646199999997
42.22760561729961,86.83152099999997
42.2629776136047,86.88718399999996
42.26272921466582,86.93631999999997
42.03643911136301,86.98431899999997
41.85337637145848,87.03573199999997
41.64863100303975,87.09029099999997
41.471917502151,87.13916499999996
41.332145905191105,87.19071799999996
41.316804066817554,87.24504899999997
41.316804066817554,87.30122699999997
41.63573888282406,87.35716399999997
41.63573888282406,87.41192699999996
41.721924696660054,87.46349599999996
41.57935347209656,87.51434199999997
41.2803815583866,87.56788199999997
40.78675883172356,87.61807199999997
40.72820199548308,87.67010099999997
40.70297059593144,87.72281699999998
40.702758969339165,87.77507499999997
40.70277277100168,87.82153999999997
40.60068183872795,87.86875599999998
40.41447331245909,87.91793299999998
40.15370618830962,87.96719199999998
39.90464715437228,88.01922599999999
39.90464715437228,88.068851
39.45163259912212,88.118916
39.331672767016094,88.172059
39.261743747215256,88.222862
39.28223251119467,88.273994
39.28222807119986,88.326427
39.21910467207422,88.375838
39.133767691998564,88.425744
38.928256317474904,88.477993
38.60460657902812,88.529736
38.60460657902812,88.583243
38.11045543219242,88.638581
38.01517240153015,88.690324
38.06210184861601,88.744754
38.14329081188721,88.796935
38.16357530164121,88.846935
38.234222707905936,88.898705
38.31471571736384,88.954682
38.35585245019705,89.006979
38.33345201779573,89.059329
38.32673624601436,89.11427300000001
38.32674057801128,89.16912800000001
38.50052298598694,89.22081300000002
38.50052298598694,89.26950000000002
38.64761711101094,89.32171100000002
38.845879575499495,89.37085100000002
39.11530893683112,89.42614400000002
39.55656401447568,89.48148800000003
40.06209573654337,89.53048800000003
40.06209573654337,89.57939200000003
40.652406870112536,89.63032300000003
40.81404955462901,89.68538200000003
40.7974284359512,89.73838900000003
40.83176844806357,89.79025800000002
40.831763832927706,89.83910000000002
41.02182433664493,89.89174600000001
41.64979390301074,89.94274100000001
41.790438032179935,89.99485700000001
41.790438032179935,90.04871500000002
41.806483735982575,90.10188700000002
41.81498456156682,90.15874500000002
41.90063397000331,90.20977700000003
42.000103078898164,90.26323200000003
42.08213453022414,90.31769500000003
42.082129773761814,90.36632000000003
42.07509496677584,90.41746200000003
42.14738109998338,90.47536300000003
42.14763834718247,90.53033000000003
42.20570511103223,90.58494700000003
42.20570511103223,90.63776400000003
42.35255800569663,90.68697800000004
42.53217686165928,90.73893900000004
42.5435461964979,90.78768800000005
42.63284217324904,90.83771300000005
42.71558902268198,90.89223800000005
42.71546832117039,90.94964000000004
42.99806355769007,91.00442100000005
43.0569374524946,91.05704200000005
43.176739588868394,91.10685100000005
43.27865245924264,91.15494100000005
43.25789207410662,91.20461800000005
43.22817456876871,91.25861600000006
43.250112695375265,91.31108100000006
43.39507069321371,91.36284300000005
43.395448367507896,91.41317500000005
43.49209949395485,91.46519600000005
43.35378775900093,91.51617500000005
43.18857279000651,91.56620900000004
43.17058926699418,91.61918800000004
43.17058438750592,91.67190700000003
43.151486072608286,91.72159100000003
42.92333437362639,91.77147100000003
42.71628028467809,91.82909000000004
42.5681288518738,91.88412600000004
42.50898720511734,91.94373300000004
42.50942443360535,91.99392500000003
42.25892837118153,92.04686100000004
42.020536001592674,92.10043700000004
41.686988118120105,92.15550900000004
41.41654966302982,92.20618400000004
41.24877896947001,92.26164400000003
41.159482516787826,92.31544800000003
40.996628417374815,92.36906200000003
40.84642013978945,92.41881100000003
40.74376577150239,92.47063800000004
40.67452675349311,92.51629300000003
40.67368083867529,92.56753200000003
40.76375969862368,92.62147300000002
40.792132369366605,92.67230000000002
40.72045972377721,92.72523200000002
40.72045972377721,92.77913000000002
40.44097878530439,92.83346000000002
40.24247088840767,92.88704200000002
40.01471695928934,92.94413400000002
39.82822891942407,92.99228200000002
39.65568296376582,93.04089600000002
39.497223563468104,93.08776200000001
39.3966206793306,93.13883600000001
39.38388531701429,93.18830500000001
39.30198690640791,93.24371300000001
39.3019824641803,93.29223400000001
39.08683207845081,93.34330100000001
39.0455378822796,93.395722
39.05876878082686,93.444316
39.14806566895278,93.494047
39.148087793103755,93.544778
39.366550632925026,93.59444599999999
39.52299593641145,93.647584
39.52299593641145,93.70197399999999
40.081048473933194,93.758107
40.5357711436926,93.81003299999999
41.10298769228566,93.86380299999999
41.10298769228566,93.915551
41.10721536232508,93.967508
41.06029733697868,94.019134
41.0611373518326,94.06692899999999
41.05976823884084,94.11232899999999
41.341257765971946,94.16139599999998
41.57888906657331,94.21082699999998
41.74993973314007,94.26350299999999
41.92139207150136,94.31558799999999
42.04837834848299,94.36502099999998
42.22700658337201,94.41665499999999
42.397516182867335,94.467576
42.39779412520704,94.519235
42.6462809979888,94.569143
42.73910892399828,94.620659
42.797212810596974,94.671617
42.88757815489344,94.72491
42.88216349732338,94.774818
43.057775945311825,94.829281
43.4653457180255,94.88612599999999
43.71492598752591,94.94209799999999
43.98812945190718,94.99560299999999
43.98887026400122,95.04817299999999
44.2719348574924,95.099864
44.56821498975527,95.159319
44.8970704009696,95.213448
44.8970704009696,95.265295
44.8970704009696,95.315379
45.28301116693876,95.36528399999999
45.94178640048955,95.41340899999999
46.076282816319704,95.46606799999999
46.174665504339984,95.515835
46.30441588853407,95.564374
46.30441588853407,95.618323
46.774721280895136,95.66985600000001
47.03208016051942,95.717775
47.14170558065268,95.768142
47.14171090898854,95.817962
47.445095730645626,95.87034399999999
47.461993369788516,95.92094399999999
47.443104833699216,95.968837
47.429366358653105,96.01857399999999
47.39465485746266,96.06642499999998
47.46498594194703,96.11594299999999
47.55946676644424,96.16610099999998
47.57143812654362,96.22009599999998
47.45428606153201,96.27135699999998
47.40962281283021,96.31900499999998
47.406713083239985,96.36341499999997
47.26981951206727,96.41685899999997
47.25180887820868,96.47045299999998
47.29503181581394,96.52336999999997
47.36917620366358,96.57709499999997
47.36917620366358,96.63494499999997
47.642907181332454,96.69131499999997
47.71467827089056,96.74677699999998
47.83975499642885,96.80037299999998
47.83975499642885,96.85191499999998
47.960747287666024,96.90173799999998
47.99469845052847,96.96004399999998
48.06979866181739,97.01273399999998
48.19190521734646,97.05967999999999
48.219499911337785,97.10999099999998
48.17758275482804,97.15867099999998
48.02710404458601,97.21168499999999
47.95625242760762,97.26544999999999
47.857438489692214,97.31700399999998
47.77769556545097,97.36807899999998
47.77769016523039,97.42147899999998
47.359313523174336,97.47384399999997
47.06126228789394,97.53064999999997
46.66291477968632,97.57918599999996
46.38394551072451,97.63079199999997
46.38053776371501,97.67949999999998
46.497095118297445,97.73618299999998
46.80482430616329,97.79020199999998
46.9500948134612,97.84413299999999
47.06114236708923,97.89323399999998
47.209224409908494,97.94840299999998
47.47411783883883,97.99669299999998
47.98125514884617,98.04338599999998
48.46862985019397,98.09007699999998
48.96165633628678,98.14355799999998
48.96165633628678,98.19548399999998
49.7097591180038,98.24703699999998
49.89718992837181,98.29997799999998
49.89718992837181,98.35389399999998
50.051855335521026,98.41028399999998
50.104354749754606,98.46456499999998
50.45016663195271,98.51927799999999
50.60481259629219,98.56830899999999
50.66394351812882,98.61520799999998
50.69083491610077,98.66248699999998
50.82287667561733,98.70943099999998
51.0078639596868,98.76238799999999
51.19316711854191,98.81579999999998
51.467112035902595,98.86563799999998
51.817600034600865,98.91635999999997
52.011033994148434,98.96885099999997
52.0965809331995,99.01866899999997
52.241281881262246,99.06680599999997
52.437206764402774,99.11710499999997
52.662285812173515,99.16673899999996
52.86146817506287,99.22008799999996
53.108652849346555,99.27214299999996
53.323768056991455,99.31836399999996
53.323768056991455,99.36852399999997
53.40928632966948,99.42053499999996
53.397593148017485,99.47428499999995
53.36487509964425,99.52657899999996
53.35725702631493,99.57901499999996
53.422577353604886,99.63337699999995
53.42258943010621,99.68992099999996
53.40091210533881,99.73932699999996
53.40091210533881,99.78631099999996
53.42383608087231,99.83513299999996
53.543335876974254,99.88632299999996
53.740966715597125,99.94141399999997
53.88811512130067,99.99249199999997
54.00702107555121,100.04753699999998
54.13739080721247,100.10165499999998
54.258498938774466,100.15713299999997
54.25643220766571,100.21458199999998
54.3906603602628,100.26616199999998
54.573117094116995,100.31873899999998
54.68700847346923,100.36709399999998
54.83789693780727,100.41755499999998
54.83790313602877,100.46999699999998
54.938766805839045,100.51848499999998
54.82398814128384,100.56734099999998
54.73678269410951,100.62016699999998
54.64800221816409,100.67124399999999
54.56968710268059,100.72393399999999
54.56896545764851,100.77833999999999
54.54768646246476,100.83378499999999
54.476469701043506,100.88713999999999
54.476469701043506,100.939084
53.97772272502077,100.98984899999999
53.97772272502077,101.039791
53.49078989916884,101.09364599999999
53.22383655520997,101.142552
53.064538505624334,101.192025
52.761890414782115,101.238603
52.458153638771456,101.289993
52.166790602813926,101.338979
51.96566152088976,101.38678399999999
51.894673453811954,101.439585
51.89484355489636,101.493398
51.89570579425393,101.545989
51.68234200005249,101.59434800000001
51.469563351127626,101.650428
51.266445154919424,101.704406
51.266445154919424,101.758221
51.04425903691131,101.81448900000001
50.52725429238225,101.86151000000001
50.239894011549346,101.909665
49.95289602760411,101.96270200000001
49.70593087357586,102.01089900000001
49.45282129086233,102.061902
49.25859537101563,102.11567500000001
49.24867946860454,102.16479300000002
49.06070490252208,102.21191100000001
48.846769672675066,102.25807500000002
48.67023390830199,102.30913400000001
48.667010262257264,102.36195300000001
48.426061431135025,102.41406900000001
48.314193953884235,102.46666200000001
48.22890624306748,102.51540300000002
48.22887898696722,102.56698300000002
48.10684804383816,102.61493800000002
48.05583956882423,102.66873000000002
47.932600665470346,102.71643700000003
47.923813108698674,102.76859800000003
47.712462904810145,102.81636700000003
47.32426956608798,102.86488000000003
47.32409839902502,102.91224800000003
47.3576309751679,102.96665700000004
47.36043581171021,103.01706500000004
47.36053751982206,103.07330200000004
47.19462446780548,103.12569200000004
47.0522302049357,103.17977400000004
47.05222488671306,103.23078000000004
46.916099675553994,103.28785100000003
46.69667362207875,103.33271200000003
46.1797428975975,103.38200600000003
45.94182798727223,103.43185400000003
45.94182798727223,103.48550000000003
45.56677888017037,103.53815900000004
45.566768579520485,103.59030700000004
45.34085477732728,103.64186000000004
45.23080505452993,103.69345200000004
45.129979278559986,103.74532200000003
45.129979278559986,103.79630800000002
45.103780777134176,103.84990500000002
45.562732709489396,103.90420000000002
45.562732709489396,103.96543100000002
45.810703984840984,104.01793600000002
45.80972018472919,104.06932900000002
45.95223351507457,104.12003800000002
46.306950378400124,104.16977800000002
46.49789662267014,104.21856000000002
46.49789662267014,104.27163300000002
46.940988252982535,104.32149900000002
47.28989304814227,104.37466800000001
47.65688125330092,104.42936900000001
47.827985496036725,104.48293000000001
48.08640396105533,104.539437
48.55834028356763,104.592235
48.97600624688767,104.64458
49.88275897032751,104.692228
49.88225153666285,104.741923
50.20811648304962,104.788095
50.58052217559148,104.836752
50.58052789261014,104.88751400000001
51.20867967140886,104.93675200000001
51.21699126537679,104.98944800000001
51.26706574798465,105.04422600000001
51.41177472703879,105.09575400000001
51.53339259194563,105.14645700000001
51.51699018110907,105.19758500000002
51.495806595239515,105.24592600000001
51.43506415482476,105.29679100000001
51.43506415482476,105.34922600000002
51.41372822123008,105.40053400000002
51.166084175079845,105.45666600000003
50.97220227449373,105.51196600000003
50.737930959537884,105.56451600000003
50.5606106260973,105.61613100000002
50.56063919993776,105.67020100000002
50.3316368835383,105.72290500000003
50.332319550054194,105.76813800000002
50.19015800884458,105.82120300000003
49.95919737165856,105.87165500000003
49.73464706030225,105.92239200000003
49.627930193373274,105.97288400000004
49.47117693485844,106.02502700000004
49.213911560826425,106.07553900000003
48.92652780715544,106.12835600000004
48.69865570691066,106.18039500000003
48.45362562364866,106.23390900000004
48.45362562364866,106.28863500000004
48.2201135150263,106.33970400000004
48.220418727695034,106.38832000000004
48.17908395035684,106.43972300000003
48.062417657298525,106.49165500000002
47.92368497069686,106.54461000000002
47.69742851439509,106.59649700000001
47.69743390554324,106.64775000000002
47.3438122848376,106.69815800000002
47.082187763351186,106.75071500000001
46.79286786429315,106.80468300000001
46.42496617593548,106.85940900000001
45.97872847920247,106.91122900000002
45.97872847920247,106.96490600000001
45.49948716832933,107.01345900000001
45.49948202561024,107.067513
45.54935096698963,107.12090400000001
45.539615427497786,107.169064
45.665882732778904,107.220712
45.32564523165096,107.26958400000001
44.848026531914364,107.32064000000001
44.43742044771093,107.366847
44.1905961164255,107.414484
44.23114372150466,107.461851
44.47462258542844,107.511819
44.876948976422455,107.560627
45.178891040690154,107.613672
45.350325878881215,107.66359
45.15576874895106,107.713412
45.06381233646758,107.76420300000001
44.80058151715553,107.81521900000001
44.58501882329145,107.87157200000001
44.51190277080719,107.92465200000001
44.51191283299586,107.974169
44.549736608752525,108.031251
44.33402636676143,108.084069
44.10421237510376,108.135858
43.91053960096716,108.191104
43.89054317671718,108.244405
43.95048528749421,108.29764
44.122912016408705,108.35005
44.326865581067885,108.404423
44.515664191692004,108.455754
44.544218064744285,108.510271
44.61903943797429,108.56621700000001
44.65038799270094,108.62426300000001
44.66733496929955,108.67861400000001
44.667531867138436,108.728209
44.667526818453645,108.780034
44.51590473396609,108.837624
44.64702180860331,108.89152700000001
44.64702180860331,108.94303000000001
44.897543631007544,108.99742200000001
45.437012836876626,109.04839800000002
45.702926923188,109.09808200000002
45.86099775605222,109.15212200000002
45.975233490615736,109.20630200000002
46.10051051438235,109.25895400000002
46.378972946384565,109.31188600000002
46.93778878467503,109.35889000000002
46.93778878467503,109.40695000000002
47.112921631713114,109.45832100000003
47.15592699773165,109.51491200000002
47.15594831750477,109.56536400000003
46.77728232581718,109.61770900000003
46.61996858947975,109.66508700000003
46.61012541577311,109.71605200000003
46.60626378677534,109.76721800000003
46.60626378677534,109.81954300000002
47.02099893352339,109.87137600000003
47.20314407913176,109.92314400000002
47.352233147299806,109.97457900000002
47.352233147299806,110.02853500000002
47.387905102993564,110.08297600000002
47.27547923492537,110.13470900000002
47.15249425069606,110.18637400000001
47.157200248013154,110.23735100000002
47.25753913946426,110.29031600000002
47.25754448089256,110.34406700000002
47.55235396672042,110.39323000000002
47.60947681669581,110.44436600000002
47.60947681669581,110.49720900000001
47.60197541394036,110.55076000000001
47.58691040797711,110.60535500000002
47.576820048375446,110.66104500000002
47.638580819753074,110.71397300000001
47.810050117510265,110.76264700000002
47.810050117510265,110.81358900000002
48.021130978653034,110.86549500000002
48.103920230002295,110.92001200000003
48.154865792583124,110.96886100000003
48.23376536652714,111.01897500000003
48.23352003691,111.07493000000002
48.374840081126216,111.12446400000002
48.50947161949671,111.17914200000001
48.52990650636984,111.23559800000001
48.43649832834872,111.28893500000001
48.3280722159951,111.338187
48.32807767842369,111.39012500000001
48.56396175891633,111.44424400000001
48.88713197563139,111.49548500000002
48.976829333188945,111.54604500000002
48.89980481928401,111.59512400000003
48.8820574603798,111.64622800000002
48.8311055002584,111.70145700000002
48.65666296367787,111.75806300000002
48.42586806916315,111.81163400000003
48.245193893014,111.86163100000003
48.246033664410156,111.91081600000003
48.00975387104295,111.96748500000002
47.88380054744125,112.01919500000002
47.80480929253697,112.07703500000002
47.612101126098814,112.12854800000002
47.61218723015901,112.18295800000003
47.63578516683212,112.23691300000003
47.92060294293033,112.28927700000003
48.112694615855474,112.34454700000002
48.191661046351896,112.39876500000003
48.254356134903,112.45227000000003
48.40738717743242,112.50671500000003
48.53025825918377,112.55964300000002
48.43325105959952,112.61435700000003
48.21082956996289,112.66095800000002
48.21082956996289,112.71347900000002
47.872729941203815,112.76800900000002
47.872740763128085,112.82189600000002
47.272778557105624,112.87028000000002
47.27187556462243,112.92135500000002
46.5707339957287,112.97179100000002
46.28353053749088,113.02405500000002
46.050542437136855,113.08437500000002
46.050542437136855,113.14219000000003
45.690246868962724,113.19646700000003
45.57121537255219,113.24964800000002
45.58873848393201,113.30265500000002
45.66954995601448,113.35793800000002
45.769820659127674,113.40899300000002
45.96882100400961,113.46046900000002
46.07386902093885,113.51699900000001
46.33819843036322,113.566398
46.45116119708076,113.61680700000001
46.321437156140014,113.667737
46.321442391762524,113.72192100000001
46.096001696691125,113.77464900000001
45.7630840448249,113.83114400000001
45.6192985302445,113.88681700000001
45.62129915956553,113.940342
45.50752126808651,113.987141
45.5750005129139,114.03562199999999
45.774410714923924,114.09616299999999
45.99971905976504,114.146295
46.136714343952164,114.197671
46.13504562598544,114.24869699999999
46.31897341114618,114.29747099999999
46.75232377838954,114.34598499999998
46.83999601098856,114.39389699999998
46.89271599528641,114.44429399999999
46.8730734798379,114.49880899999998
46.87308407578369,114.55258499999998
47.11781869105838,114.60403099999998
47.24805711880291,114.65766599999998
47.27716740247562,114.71578699999998
47.27717808976932,114.76856299999997
47.28913717412498,114.81899899999998
47.24461332603239,114.86934099999998
47.26827472125624,114.92040899999998
47.358709617791106,114.96868199999997
47.35295528962551,115.01760199999997
47.3530034595426,115.06557099999996
47.30064270640893,115.11053199999996
47.30337466582089,115.15691999999996
47.39440068416824,115.20232999999996
