yaw_lk,tempo
53.8964601605805,0.0
53.8700643360774,0.019512
53.870046069589655,0.088539
53.85406898706034,0.143851
53.836130535216526,0.20560900000000001
53.823534598099926,0.257946
53.80845342786737,0.31552800000000003
53.80249928155639,0.371078
53.79500117120323,0.432738
53.78861072860443,0.487868
53.784902158754846,0.539814
53.77648854106689,0.599036
53.779643154143876,0.655965
53.781667330979715,0.708546
53.78267033923411,0.764234
53.782682497136655,0.822129
53.78238462845692,0.875299
53.782390707375896,0.9352830000000001
53.79439657371874,0.9887560000000001
53.79781368920567,1.04089
53.79848864278725,1.0970820000000001
53.7994919647529,1.1521020000000002
53.799145356155314,1.206004
53.79853727481403,1.255683
53.797096138324264,1.3085440000000002
53.798306174101214,1.3609980000000002
53.7985615642808,1.4090390000000002
53.79892640912648,1.463907
53.82321915984584,1.520076
53.848112982726576,1.573491
53.83705408817615,1.632638
53.83706017327432,1.687127
53.81352909601624,1.741021
53.84220171430674,1.803062
53.80412361461074,1.855844
53.784924710276414,1.911824
53.784322868874426,1.962961
53.80004351988658,2.012578
53.80230562024074,2.059069
53.81064898631954,2.1064760000000002
53.811147719638505,2.1642360000000003
53.81094700802795,2.215583
53.814687528636355,2.2696110000000003
53.816116932613276,2.3241440000000004
53.80698066963395,2.3795080000000004
53.79588765061569,2.4336580000000003
53.7842253567208,2.483798
53.78457186696175,2.536201
53.795490049456085,2.587656
53.80448296144149,2.638699
53.80523705711378,2.687363
53.805565458218865,2.738557
53.804136296538694,2.790482
53.80138143251798,2.8438499999999998
53.80067602884432,2.8976789999999997
53.799137539279606,2.9547859999999995
53.79805515464939,3.0067109999999992
53.79587218687137,3.057775999999999
53.794102777826595,3.1132369999999994
53.790667440271726,3.1717249999999995
53.79671689616626,3.2318779999999996
53.800316575212044,3.288235
53.79466737656992,3.3433149999999996
53.78824049177976,3.4019059999999994
53.790344026756316,3.4587799999999995
53.793122503863636,3.5251379999999997
53.798667584850904,3.582384
53.80271737061881,3.6406189999999996
53.79722603153171,3.699235
53.800758858083846,3.754256
53.79931766208308,3.8119639999999997
53.79602185065765,3.8700229999999998
53.79771221864025,3.9233149999999997
53.798198670754495,3.9800189999999995
53.79934792426614,4.033764
53.79905604412332,4.089938999999999
53.797663540163484,4.145595999999999
53.79517047533381,4.201226999999999
53.792744410042054,4.253054
53.789856367327076,4.306266
53.79658058575407,4.357051
53.80052684551971,4.406282
53.800417388067636,4.452457
53.7827461264789,4.502668
53.7984967114233,4.55373
53.81007444056946,4.608925999999999
53.80011204478883,4.658796
53.80283629814758,4.710881
53.80236804339193,4.765102
53.81969939974271,4.820768999999999
53.79855441693275,4.877375
53.807791071048705,4.931821
53.84161799048424,4.983873
53.805980634826476,5.033953
53.80276955742314,5.087472
53.78967668419801,5.141227
53.80265085615937,5.1933359999999995
53.79495812597398,5.247819
53.82011249312612,5.302371
53.79968516364569,5.357809
53.79857236362569,5.413112
53.80142423474188,5.466241
53.80142423474188,5.524978
53.801880315066136,5.580845
53.80188639618868,5.630931
53.80723778462869,5.683389
53.80554706422123,5.736261
53.80553490114726,5.788377
53.80402668031579,5.846049
53.805364580646476,5.900848
53.81667620107562,5.95984
53.82098890265288,6.0166949999999995
53.797355350736055,6.070244
53.79501431546564,6.121745
53.79413874557119,6.178802
53.800486523987615,6.232632
53.797154155166275,6.284637999999999
53.797148074577926,6.336357
53.8097713745683,6.387187
53.80102543778754,6.438976
53.860254630197936,6.490308000000001
53.860254630197936,6.543640000000001
53.81183290153214,6.601464000000001
53.811656516355754,6.657812000000001
53.798026244472034,6.712599000000001
53.84468335522302,6.766192000000001
53.81057154670545,6.821392000000001
53.8475324981406,6.874241000000001
53.82757557776419,6.928775000000002
53.8432419468407,6.978120000000001
53.828094396700806,7.027960000000001
53.83970283177171,7.083007000000001
53.84165624438395,7.136267000000001
53.885983888346,7.188168000000001
53.85054861112631,7.244907000000001
53.85053035125603,7.300183000000001
53.84948953900356,7.359255000000001
53.82315932391728,7.413452000000001
53.85271918484245,7.465898000000001
53.85103312219617,7.523423000000001
53.848488890714115,7.578268000000001
53.84449013207863,7.629585000000001
53.84449013207863,7.679811000000002
53.83721134945896,7.733390000000002
53.8425784217167,7.785783000000002
53.85196869163956,7.836948000000002
53.853916462497914,7.8830180000000025
53.80442303228183,7.930718000000002
53.835766619104156,7.978130000000002
53.83440967466468,8.028937000000003
53.833265732401806,8.081915000000002
53.829079479460376,8.135727000000003
53.82843455459863,8.187999000000003
53.827260318683166,8.234822000000003
53.82603743645343,8.281708000000004
53.82388983635408,8.330969000000003
53.828324788214374,8.382097000000003
53.84195319799148,8.432638000000004
53.840413528060665,8.485596000000005
53.84468553352859,8.536595000000004
53.84675476017715,8.588399000000004
53.84769812034197,8.639033000000005
53.85656586124562,8.693034000000004
53.87214327100841,8.746545000000005
53.90435442076423,8.795933000000005
53.90919202852633,8.850612000000005
53.86687439494545,8.905551000000004
53.86688048341414,8.959588000000004
53.82390197803712,9.011958000000003
53.864881185814816,9.062228000000003
53.863809654975256,9.113221000000003
53.86161184282729,9.164442000000003
53.862372827062174,9.214731000000002
53.858604379889236,9.270931000000003
53.853265612613896,9.324548000000002
53.84429956395674,9.376799000000002
53.84701996890297,9.428417000000001
53.84757381534046,9.476970000000001
53.84982574160001,9.529617000000002
53.849551847222656,9.579330000000002
53.849436203518195,9.632180000000002
53.84756156222964,9.683482000000001
53.84809106909451,9.739009000000001
53.85249149700102,9.791455000000001
53.846009009180435,9.844982000000002
53.851559541793144,9.895063000000002
53.85416466552315,9.945973000000002
53.84411497546162,9.997353000000002
53.84731007098866,10.054015000000001
53.8470848794657,10.105858000000001
53.851424362827856,10.160766
53.851400015938225,10.209561
53.85049309470948,10.263498
53.85551455385697,10.310647
53.84930562544839,10.357755
53.849676900907184,10.407084
53.849080421467406,10.458433
53.84842308405992,10.513677999999999
53.84724841210634,10.562147999999999
53.84575728075631,10.611486999999999
53.84284813362313,10.659680999999999
53.84018865953884,10.709888999999999
53.83678080616231,10.763456999999999
53.84489828590716,10.816303
53.85492798882139,10.870235
53.854763636624156,10.927026999999999
53.861325530251214,10.982867999999998
53.85789198763522,11.030661999999998
53.84477961294476,11.077225999999998
53.85356775559535,11.127820999999997
53.854858192105695,11.176707999999998
53.85700694212172,11.229794999999998
53.88013279767333,11.282574999999998
53.86442677209223,11.334528999999998
53.87892884554365,11.380754999999999
53.87690702158975,11.428792999999999
53.88283829458407,11.476140999999998
53.88326461369854,11.529824999999999
53.88588954215726,11.580046999999999
53.89747998809805,11.631331999999999
53.907422014571544,11.683599
53.911650592461235,11.735959
53.91422815550836,11.788711999999999
53.912363446282605,11.839830999999998
53.91247313126683,11.896643
53.91503245277236,11.952411
53.91658640030874,12.001465
53.920297699624896,12.049823
53.92012095892108,12.100264
53.92138251774072,12.153694999999999
53.92079743329499,12.201445999999999
53.92041347579374,12.25035
53.91705539521092,12.301012
53.92533123808684,12.356642
53.91528045783018,12.412935000000001
53.916736909475574,12.466269
53.916029993346754,12.526037
53.91295251089474,12.579156000000001
53.90888802845876,12.628671
53.90756580027971,12.682877000000001
53.9083396199114,12.736054000000001
53.905226017486974,12.789240000000001
53.90084529176692,12.838302
53.894966214199535,12.894385
53.89131122788401,12.951776
53.88731538051649,13.013895
53.88557341769381,13.066603
53.880792310659295,13.121555
53.874391676716684,13.173619
53.85832805488563,13.22788
53.862010994030555,13.281607000000001
53.901521588304014,13.329813000000001
53.901533773073616,13.382116000000002
53.868269344543414,13.434698000000001
53.83961626887616,13.487188000000002
53.83961626887616,13.536382000000001
53.83961626887616,13.588029000000002
53.90760830633956,13.642283000000003
53.87362114642601,13.697238000000002
53.847553147370036,13.754259000000003
53.88351091827511,13.805457000000002
53.88631856920525,13.862590000000003
53.95712865715076,13.914551000000003
53.90711956347891,13.965816000000004
53.859374678123345,14.022621000000004
53.91444938546124,14.075164000000004
53.95406547833582,14.128151000000004
53.95406547833582,14.174559000000004
53.86851209466029,14.223733000000005
53.87175125848253,14.274451000000004
53.902318138469056,14.326930000000004
53.902318138469056,14.383028000000005
53.942315235747685,14.433573000000004
53.88505834980895,14.485313000000005
53.8375279005719,14.537992000000004
53.885198979127885,14.588233000000004
53.941073592055865,14.637865000000005
53.94085410526553,14.689444000000005
53.827660350595394,14.739833000000004
53.83140203298603,14.793171000000005
53.980812016113425,14.847108000000004
54.02111141201982,14.899289000000003
53.89987873163995,14.955533000000003
53.71277511252576,15.008948000000002
53.399897420400755,15.059131000000002
53.00261038247045,15.111594000000002
52.507711831524645,15.166735000000003
52.504257751631215,15.214239000000003
51.92915567435021,15.261651000000002
51.66983154195319,15.309069000000003
51.530071123180754,15.362698000000004
51.56845937671321,15.419199000000004
51.567987253366866,15.472724000000005
51.95798088164951,15.528887000000005
52.22759700468243,15.584574000000005
52.35256741716583,15.630854000000005
52.19313142987831,15.681895000000004
51.88099416214123,15.728350000000004
51.65032166013428,15.784384000000005
51.58350648234111,15.835012000000004
51.52820528978366,15.885734000000005
51.58999352151825,15.934663000000004
51.58999352151825,15.980194000000004
51.65531952808084,16.033611000000004
51.785097726602224,16.086613000000003
51.785097726602224,16.135868000000002
52.027214083058944,16.183358000000002
52.380252028556406,16.234323000000003
53.05048712596363,16.282620000000005
53.503253740229844,16.331627000000005
53.96826620681366,16.380904000000005
54.324020155273715,16.433542000000006
54.48527248560929,16.484748000000007
54.53181125018695,16.535200000000007
54.49345501042617,16.584730000000008
54.44809799966852,16.637794000000007
54.327728720157396,16.690760000000008
54.404639211221394,16.745791000000008
54.601052444213565,16.803425000000008
54.79740334262451,16.860850000000006
54.91568956688095,16.914720000000006
54.915683359866705,16.967066000000006
54.946488768091875,17.018846000000007
54.88080035802378,17.072734000000008
54.75989010224368,17.124377000000006
54.58888304436032,17.177802000000007
54.43114505302403,17.235073000000007
54.43115120527115,17.287608000000006
54.534619708979626,17.338320000000007
54.67746291612118,17.384666000000006
54.678346668697884,17.436755000000005
54.665726725133084,17.486332000000004
54.5263400460342,17.538424000000003
53.721814972345626,17.586523000000003
53.721814972345626,17.637533000000005
53.22899339090376,17.691196000000005
52.79875673879772,17.749618000000005
52.2843374283046,17.804772000000007
51.77072248163477,17.856530000000006
51.22058950703999,17.908104000000005
50.64342462957204,17.964176000000005
50.094068578891466,18.014774000000006
49.591896966531344,18.067303000000006
49.08589746804109,18.121152000000006
48.650628076950674,18.172952000000006
47.954590027100295,18.229226000000004
47.954552085597946,18.274627000000002
47.40199958369205,18.324248
46.918874616644224,18.378
46.99713319691199,18.431689
47.10934378195109,18.487613999999997
47.10933845727302,18.538902999999998
47.16957120880892,18.592727999999997
47.38280396982422,18.648006999999996
47.527726147222154,18.700478999999998
47.92957614026448,18.757039999999996
48.43959607228095,18.813249999999996
48.43959607228095,18.866517999999996
49.38011929860843,18.920772999999997
49.72892510684575,18.975910999999996
49.94966376185651,19.034662999999995
50.08973957063963,19.084814999999995
50.2449508664758,19.138418999999995
50.551474052835026,19.191020999999996
50.77031011876018,19.249403999999995
51.05896663772108,19.301120999999995
51.24691393120644,19.351378999999994
51.24691393120644,19.401927999999995
51.41881898668631,19.456171999999995
51.511290054767315,19.508502999999994
51.62801977462816,19.562264999999993
51.62801977462816,19.61747099999999
51.65440168713099,19.676526999999993
51.60357843966661,19.73131499999999
51.44649926904864,19.78266099999999
51.17131501844637,19.83658899999999
50.978917083459145,19.88777999999999
50.954122988925846,19.943359999999988
51.072412143212496,19.99829899999999
51.31946856398719,20.05041099999999
51.68059280380429,20.10521299999999
51.68058112108926,20.157191999999988
51.870974284819546,20.211448999999988
51.54282325426403,20.265421999999987
51.28491572190791,20.323067999999985
50.9744305669224,20.380304999999986
50.717586814634394,20.431133999999986
50.717563884591165,20.480496999999986
50.73425694851441,20.535200999999986
50.79898106488108,20.586037999999988
50.95938723508435,20.638196999999987
50.95938723508435,20.690334999999987
51.07628896885841,20.742240999999986
51.16720302668826,20.799938999999984
51.15623204956722,20.854778999999983
51.06185099400431,20.906271999999984
51.066098760833235,20.952393999999984
51.066098760833235,21.001860999999984
51.19794055634002,21.053898999999983
51.13330195273235,21.106840999999985
51.036639843904474,21.161814999999986
50.968847576895385,21.215230999999985
50.82772255665305,21.271337999999986
50.548385403663666,21.323195999999985
50.26145343035667,21.375222999999984
50.109073176205996,21.425395999999985
50.043419198493034,21.475766999999983
50.043560606266645,21.527441999999983
50.03023995635212,21.579272999999983
50.080403876284485,21.630451999999984
50.20369503622704,21.684287999999984
50.267135125757136,21.739279999999983
50.57166873157182,21.789358999999983
51.043914704072655,21.838878999999984
51.53971920371141,21.892648999999984
52.18574827681945,21.944531999999985
52.8210825820125,22.000060999999985
52.8210825820125,22.053809999999984
53.135428967839246,22.109803999999983
53.13562115327388,22.162709999999983
52.61794979534265,22.214455999999984
51.94147356972606,22.264727999999984
51.32387835543451,22.313241999999985
50.7303334717977,22.367839999999983
50.2120243904993,22.420031999999985
49.75284171121571,22.474294999999984
49.244890759378215,22.537911999999984
48.99139592477734,22.585661999999985
48.16580793100148,22.638837999999986
48.16580793100148,22.690016999999987
48.16580793100148,22.743097999999986
47.23322473893103,22.797913999999984
46.913032061460896,22.849284999999984
46.72841529021118,22.897320999999984
46.713917236557705,22.949071999999983
46.713917236557705,23.001505999999985
46.98723031659889,23.058022999999984
46.98964676509811,23.110820999999984
47.0081508080363,23.164845999999983
47.04286220773394,23.218432999999983
47.040049428090306,23.276197999999983
47.167829184752776,23.330511999999985
47.432676938008,23.380214999999986
47.85116870607259,23.431530999999985
48.2388788284927,23.483111999999984
48.63047731156788,23.531032999999983
48.87715962033183,23.580001999999983
48.87770102043794,23.629721999999983
48.98548503136422,23.684666999999983
48.81245099881664,23.731290999999985
48.76020333273785,23.777996999999985
48.773314647720916,23.830155999999985
48.96309669909697,23.880817999999984
49.25739460901186,23.933537999999984
49.6556244675904,23.983364999999985
50.05688305949645,24.033624999999986
50.27839852688394,24.089251999999988
50.278523550028424,24.13953199999999
50.33813700670248,24.194267999999987
50.21396099937699,24.248363999999988
50.020224838678914,24.302375999999988
49.823787402876604,24.353207999999988
49.823787402876604,24.405525999999988
50.03152730421494,24.45836099999999
50.32326704280639,24.50933899999999
50.53545001645784,24.55942999999999
50.535467152230545,24.610810999999988
50.92165048083505,24.66371499999999
51.501818269883834,24.71422199999999
51.49432062743099,24.76724899999999
51.49450105684038,24.825641999999988
50.88971119807841,24.88097499999999
50.889716950044104,24.932721999999988
49.74370667967047,24.987434999999987
49.20084371139041,25.03678599999999
48.844907024994974,25.09465799999999
48.584621246344575,25.14633399999999
48.605038367586836,25.19894699999999
48.52995551130318,25.25454099999999
48.60708357034502,25.30292899999999
48.42772210462857,25.35850999999999
48.387276995733814,25.41164099999999
48.137327255556066,25.46429199999999
48.148682349276946,25.51554299999999
47.9550886583668,25.56911299999999
48.05079438306216,25.62215199999999
47.98795669012189,25.67785699999999
47.987897026276,25.73572599999999
48.134854319980555,25.78921299999999
48.19387383536855,25.84138399999999
48.19387383536855,25.89351999999999
48.35935071201546,25.94420299999999
48.46952814712628,25.99360299999999
48.50488585096806,26.04239999999999
48.39954675809284,26.09825399999999
48.08311620896537,26.15298799999999
47.666429129106795,26.20890899999999
47.21702416317625,26.25854499999999
47.04233842246839,26.31164799999999
46.874557187284,26.359170999999993
46.93108834744797,26.406731999999995
46.65904551592547,26.455696999999994
46.65904551592547,26.510797999999994
46.40701148710715,26.562620999999993
46.32767640311119,26.613028999999994
45.859354960956125,26.658751999999993
45.859354960956125,26.709669999999992
46.00546966149893,26.763730999999993
46.00546966149893,26.81094299999999
46.06761897761066,26.85888799999999
46.06761897761066,26.910312999999988
45.85111987172257,26.96470999999999
45.53566332122708,27.01870699999999
45.00706555129985,27.07219799999999
44.60872319064147,27.122205999999988
44.09516139262421,27.17431099999999
43.92005884167036,27.228010999999988
43.135611094747034,27.28432899999999
42.69587198935644,27.33672699999999
42.69540147074762,27.38711499999999
42.51306183532287,27.441715999999992
42.51306423790748,27.492607999999993
42.18906127030657,27.544878999999995
41.61939144613349,27.598961999999993
41.24896006444206,27.656014999999993
40.86324879394653,27.712260999999994
40.5242089401406,27.764704999999996
40.17354474335882,27.813333999999994
39.70570568456327,27.867530999999993
39.13931541832336,27.923793999999994
38.66403119448728,27.977040999999993
38.21412508198727,28.030552999999994
38.21412292235292,28.078002999999995
37.433542568259824,28.133904999999995
37.11590563009669,28.187150999999997
36.73752506139523,28.238474999999998
36.287061273327616,28.288680999999997
36.28705922259942,28.341057999999997
35.391159695762155,28.394899999999996
35.0539113084884,28.453695999999997
35.05391328952632,28.502405999999997
34.72887843646549,28.550055999999998
34.39090487171636,28.598843
33.91641171438714,28.653983
33.89977046284406,28.707854
33.985631443567875,28.759563
34.149366224052265,28.810699
34.149366224052265,28.858595
34.36328224255984,28.910773000000002
34.38594935627145,28.965759000000002
34.434529630384716,29.022636000000002
34.43480791327007,29.073100000000004
34.43482931981886,29.120628000000004
34.44427350580706,29.171286000000002
34.53271853409854,29.225636
34.58894364650311,29.279775
34.63467331883849,29.328399
34.63467331883849,29.380161
34.75770420184364,29.429889000000003
34.757356521086685,29.484191000000003
34.6243257655624,29.53826
34.6243257655624,29.587238000000003
34.4558741408868,29.640433
34.34748684419999,29.695998000000003
34.54323858883361,29.751791000000004
34.761505725974054,29.811395000000005
34.761505725974054,29.864183000000004
35.02426325555692,29.923719000000006
35.33230548610211,29.974594000000007
35.400029971438535,30.029220000000006
35.36340501502853,30.082171000000006
35.35675990724073,30.138862000000007
35.3566200365226,30.192156000000008
35.50253858688153,30.245254000000006
35.67844496265507,30.300672000000006
35.860221400500556,30.355392000000005
36.004983876248076,30.406968000000006
36.08752704030628,30.457601000000007
36.07798444573447,30.51278600000001
36.11781459993569,30.568438000000008
36.23473652104626,30.622046000000008
36.51282793413622,30.67607200000001
36.5128299976234,30.72820800000001
36.97030513204051,30.78501300000001
37.07501245951968,30.83847300000001
37.01726923055805,30.89015400000001
36.8684551523067,30.941586000000008
36.61536206875688,30.994595000000007
36.333474155423616,31.04780600000001
35.98152976352368,31.09803000000001
35.657550562494016,31.15010000000001
35.65739338063729,31.203105000000008
35.430959808102166,31.25290800000001
35.06529930845502,31.303325000000008
34.881805509770075,31.35494300000001
34.69985542710438,31.40585900000001
34.61345445945625,31.45812800000001
34.472553268326095,31.50868100000001
34.30245351139498,31.56559400000001
34.21123409961685,31.62516600000001
34.200725990003846,31.67770200000001
34.284515712157834,31.728836000000012
34.42538574089253,31.778034000000012
34.49423565634665,31.829675000000012
34.42477043771769,31.885083000000012
34.372730722794905,31.936069000000014
34.39870833238443,31.987740000000013
34.39870638837467,32.038981000000014
34.7012215056481,32.095258000000015
34.89522979971044,32.15325600000001
34.895036536832,32.201287000000015
35.07159105880633,32.255051000000016
35.19538314835393,32.307853000000016
35.175771282337244,32.36320000000001
35.106802222139095,32.417006000000015
35.02888551382905,32.47211200000002
35.077895055583085,32.53270000000002
35.077895055583085,32.584158000000016
35.121380835857614,32.63276500000001
35.36043230799783,32.68250900000001
35.49005397373914,32.73019700000001
35.509134065622604,32.78132700000001
35.48116980378605,32.83377100000001
35.56026428750268,32.88490100000001
35.560262277848715,32.936214000000014
36.15553782721016,32.98768900000002
36.52849438447624,33.038997000000016
36.799420574578384,33.084161000000016
36.94326605633124,33.12996300000002
37.04568163414921,33.17786800000002
37.04568372775011,33.23345300000002
37.47786159778999,33.28740300000002
37.47786159778999,33.34039400000002
37.7969632636159,33.38889800000002
37.88442419325077,33.43789400000002
37.955349153931124,33.48704400000002
38.13400488149741,33.53925100000002
38.37989174983748,33.58954300000002
38.758367501423514,33.64335500000002
39.1690571802117,33.700771000000024
39.54931184439819,33.756168000000024
39.85773207039829,33.808806000000025
39.857432485077624,33.85940900000003
40.130760364098556,33.90831300000003
40.18339951001614,33.95327900000003
40.21743160688216,34.00170600000003
40.35344118063,34.05659900000003
40.35343890009427,34.10881000000003
41.159578587892526,34.16204800000003
41.15954834867305,34.21430400000003
41.41437871616359,34.26422700000003
41.654136538909874,34.314556000000024
41.93303887750901,34.36540900000002
42.32113002061697,34.41762600000002
42.62225458838949,34.47276500000002
42.622256997145016,34.530951000000016
42.787685518537266,34.583885000000016
42.96635927449185,34.63460400000002
42.990614586968846,34.692413000000016
42.99060243910367,34.74604400000002
43.44229395283565,34.79354400000002
44.016340351279034,34.84189400000002
44.016283137837505,34.88993300000002
45.24154719619256,34.94385900000002
45.996079225694494,34.99804200000002
45.99600644182347,35.05055600000002
47.25077239853443,35.10775100000002
47.25076705787095,35.15627000000002
47.77262458964233,35.211913000000024
47.989231445858586,35.26184000000002
48.3395814314271,35.31641100000002
48.706143040566374,35.367383000000025
49.06307567246766,35.422676000000024
49.305325495881206,35.47855500000002
49.46444809956003,35.53081200000002
49.571681004579105,35.584023000000016
49.571681004579105,35.635255000000015
49.84004747831549,35.68270000000002
50.28526599235286,35.72962600000002
50.28525462506002,35.77682200000002
50.28525462506002,35.83152800000002
49.86928000489097,35.88756100000002
49.86928000489097,35.93802100000002
48.98946432578631,35.99015000000002
48.52401967424088,36.04104700000002
48.111195627194064,36.09894800000002
47.84430817487077,36.15229800000002
47.84430817487077,36.203450000000025
47.328349370518666,36.25652600000002
47.178527832701725,36.307588000000024
47.10217712904452,36.356852000000025
47.129781384824106,36.410642000000024
47.12950970843131,36.461856000000026
47.25580121416494,36.51922100000002
47.30271325369583,36.57213100000002
47.283299987837516,36.62516800000002
47.31452162214752,36.67833400000002
47.31452162214752,36.73030700000002
47.474182248936664,36.785088000000016
48.29131452582294,36.83964000000002
48.811575364688245,36.888843000000016
49.31284603915892,36.940289000000014
49.715269754711045,36.992122000000016
49.843623997302856,37.04444800000002
49.70916943341943,37.10239400000002
49.70916943341943,37.15810900000002
49.4167585883772,37.211100000000016
49.4167585883772,37.264626000000014
48.85632262519263,37.31783200000002
48.438567536339185,37.37407800000002
48.21375099233683,37.42790700000002
48.07564958382086,37.484228000000016
48.075318116058206,37.53544800000002
48.277332739810454,37.59068300000002
48.568430973596655,37.64259600000002
48.568430973596655,37.69623700000002
49.02018079746267,37.752794000000016
49.46014769115572,37.81113400000002
49.89424666851913,37.862704000000015
50.06912602113853,37.913125000000015
50.06912602113853,37.96527800000001
51.195644005785,38.02097900000001
51.9983824175488,38.07411600000001
52.82349328763882,38.12811900000001
53.522792474211386,38.18003000000001
54.15174892734162,38.234080000000006
54.55595168922909,38.282799000000004
54.998547897413914,38.337126000000005
55.25600547342747,38.389498
55.44146498706017,38.438207000000006
55.443570511446616,38.49119700000001
55.443551711407785,38.541779000000005
54.38719042115978,38.59433500000001
53.487585316290826,38.64447500000001
53.48759740748759,38.696189000000004
54.148169864212434,38.746783
53.21032524646065,38.805485
52.446285657401326,38.855626
52.04120245400522,38.907356
51.78141877770165,38.959036
51.82886705176655,39.009318
51.968577276095345,39.059544
51.96858902391103,39.109637
52.09269885073917,39.160439
52.09269885073917,39.213666999999994
52.09274006629861,39.26576899999999
50.45910119604863,39.32122199999999
50.45910119604863,39.37574899999999
48.95325459910966,39.43264899999999
48.423638123266294,39.48610499999999
48.11412695429942,39.53756699999999
47.95751632378027,39.588095999999986
47.95750548268952,39.63922799999999
47.90660115258563,39.70114699999999
47.90773825859714,39.75391199999999
47.619962385370194,39.80370799999999
47.312331753166255,39.85484999999999
47.312331753166255,39.90635799999999
46.466931632166734,39.95756199999999
46.31012065377978,40.01144799999999
46.3007773507643,40.06771399999999
46.41867284864819,40.119050999999985
46.41867284864819,40.17194099999998
47.26799978678703,40.228594999999984
47.73554767286164,40.27909799999998
48.227769790945175,40.331617999999985
48.49768059159064,40.380203999999985
48.49768059159064,40.43253799999999
48.795841211303,40.48477599999999
48.933558242716465,40.53746699999999
49.327234187698934,40.59164899999999
49.89939455576853,40.64335099999999
49.89895463326336,40.69515299999999
51.130134589958715,40.75186599999999
51.66470506630095,40.80608999999999
51.98001804268712,40.85485499999999
52.30570980838857,40.906077999999994
52.30571572040185,40.961631999999994
53.16460719471105,41.013298999999996
53.00751148187792,41.063083
53.00751148187792,41.118423
52.733359903284104,41.171407
52.37089315435579,41.221862
52.12168722153534,41.270115000000004
52.08893796534315,41.322407000000005
52.06950328830688,41.373791000000004
51.89713417341748,41.43083300000001
51.89844811995688,41.48452100000001
50.95776763025006,41.53666700000001
50.20563693321006,41.59057800000001
49.423392642754365,41.64542200000001
49.42121401284322,41.69838700000001
48.02312034756697,41.75383400000001
47.55305897082868,41.80866000000001
47.17877728516283,41.86202700000001
47.06450658537852,41.91643000000001
46.850785925591396,41.970109000000015
46.850785925591396,42.023206000000016
46.08722915007905,42.07397200000002
45.63365800382122,42.12683100000002
45.25210352306846,42.181536000000015
44.91273934338598,42.23143300000002
44.68151439443489,42.279876000000016
44.68151439443489,42.33021500000002
44.522244180556704,42.38358200000002
44.43334421879481,42.436495000000015
44.46232239942072,42.48779600000002
44.46232239942072,42.539085000000014
44.38316087525581,42.59685800000001
44.28369286289568,42.64977600000001
44.20487940579444,42.70392300000001
43.98613236427414,42.75383900000001
43.76246698581051,42.80907400000002
43.59431950422102,42.858837000000015
43.59431950422102,42.91103800000001
43.594590510212946,42.964728000000015
43.09746881040816,43.01779800000001
42.940871149797246,43.06892900000001
42.794200091344635,43.12410400000001
42.7946354164595,43.17774600000001
42.72203695963558,43.229301000000014
42.63045414250409,43.28046800000001
42.63045173328518,43.32879100000002
42.0135736738496,43.378923000000015
41.604643000366224,43.42752500000002
41.32606500041334,43.47811400000002
41.32606500041334,43.53345400000002
41.329495853768776,43.58907000000002
41.58685924576589,43.64309800000002
41.80768085436747,43.691177000000025
41.80768085436747,43.74482700000002
41.96196415199011,43.80023900000002
41.869124653281666,43.85338700000002
42.05504827737018,43.90400800000002
42.05504827737018,43.95674100000002
42.46930478211834,44.007288000000024
43.0536359804789,44.06039000000003
43.766130793856206,44.111709000000026
44.573602095533985,44.165688000000024
45.45797952996052,44.21819300000002
45.95156414769345,44.27291000000002
46.19354405736606,44.32713800000002
46.361185287359405,44.38591900000002
46.361185287359405,44.43830700000002
46.36118004724424,44.49028800000002
46.61475967154417,44.54352900000002
46.61475967154417,44.59615500000002
46.82217031485811,44.649943000000015
46.80505527728778,44.708677000000016
46.91368069775315,44.760900000000014
46.988457436260425,44.81079800000001
46.84400846330675,44.86334800000001
46.65030760727494,44.91785900000001
46.507810346726416,44.97156900000001
46.400715843937576,45.02411300000001
46.3388140281297,45.07568800000001
46.242348158449914,45.129760000000005
46.11159222403785,45.181477
45.755749468786995,45.23604
45.755749468786995,45.288381
45.65465339146949,45.337985
45.58655863708469,45.383374
45.50479265276712,45.435300000000005
45.50503438874878,45.487081
45.6286547118207,45.53687600000001
45.79543723957198,45.58812900000001
45.79535442085591,45.64371600000001
45.98769018876522,45.69691700000001
46.086928490482784,45.74890100000001
46.08665240731108,45.80333300000001
45.99342019964845,45.85341900000001
45.750299734054536,45.90614600000001
45.750299734054536,45.955155000000005
44.99049403595662,46.01008900000001
44.65428679298389,46.06056000000001
44.40784775792247,46.11423600000001
44.239956081800464,46.16621300000001
44.22054469699081,46.21838800000001
44.26984157564686,46.27364200000001
44.366183482124896,46.32753000000001
44.49522480061375,46.38834000000001
44.49522480061375,46.44026300000001
44.61345145179702,46.496553000000006
44.46050015226406,46.54977300000001
44.33478261253366,46.60457100000001
44.22926441077945,46.65396500000001
44.17742324325153,46.714270000000006
44.17735333720889,46.76486700000001
44.31888788314612,46.81930200000001
44.53308462046475,46.868770000000005
44.533089653953226,46.926142000000006
45.10628325265765,46.981238000000005
45.106278154381634,47.032754000000004
45.23901685361253,47.083927
45.31995494110709,47.136198
45.533616489924874,47.18552
45.924622505188815,47.237834
45.924622505188815,47.290508
46.97137787634234,47.340518
47.426769869967686,47.395359000000006
47.78052369000653,47.45270000000001
47.78628066590144,47.50490500000001
47.712716445312516,47.55236700000001
47.439745234882245,47.60475200000001
47.356403315915934,47.657283000000014
47.19565930324094,47.711145000000016
47.064789630289184,47.762515000000015
47.06466727851854,47.81201700000001
46.76951301789375,47.86435200000001
46.68672478011737,47.91496200000001
46.42584489055942,47.96911500000001
46.20671248466322,48.02265200000001
45.83670301750003,48.07474800000001
45.47432440633669,48.129186000000004
45.47433468608668,48.179643000000006
44.92947697455089,48.231584000000005
44.21843992863078,48.28470300000001
43.50306196286647,48.335913000000005
42.47364694089755,48.390221000000004
42.18090898933211,48.444468
41.990211076258625,48.496121
41.89988145337576,48.546789000000004
41.71482998967925,48.600170000000006
41.25484451390307,48.652286000000004
40.79852304185095,48.705242000000005
40.358459220113865,48.75145200000001
40.35846150093318,48.79909500000001
39.98836205240218,48.85658600000001
39.549009666869566,48.909544000000004
39.36773175017797,48.961558000000004
39.174505324300476,49.012181000000005
39.17450753820979,49.063542000000005
39.04597459820589,49.11242800000001
38.672142367538704,49.16572400000001
38.34289615310144,49.21622400000001
37.932034522575435,49.27109400000001
37.56747607107444,49.32238000000001
37.56747607107444,49.37172200000001
37.299888226702215,49.426752000000015
37.377937817850416,49.477803000000016
37.37772869242521,49.534441000000015
37.63583660773547,49.582943000000014
37.89140489134073,49.63817200000001
38.633505719446184,49.69402400000001
39.02286207594431,49.74801500000002
39.43111890471713,49.802993000000015
39.936827942830185,49.85429000000001
40.294493343814224,49.90968800000001
40.52278307983251,49.96296000000001
40.831752720449344,50.01226800000001
41.13827377357228,50.06082600000001
41.49994757784042,50.11083400000001
41.77787380599601,50.16093800000001
42.03256585995754,50.212593000000005
42.21382540916261,50.266263
42.21383256618325,50.319055
42.57947526988744,50.372609
42.677629792607135,50.425892
42.82067386833933,50.475015
43.05071854147336,50.529264
43.05072097444311,50.578663
43.09381860307703,50.633621999999995
42.85881658370146,50.684259999999995
42.89418202497087,50.73497
42.62978047876694,50.790670999999996
42.50480422244098,50.84936999999999
42.17177219016223,50.901107999999994
42.17177457345918,50.95334499999999
41.28246156644698,51.00637599999999
40.75648038801105,51.05672599999999
40.30840767729275,51.11024899999999
39.930949173551966,51.15719899999999
39.691456723660615,51.208907999999994
39.59339181474739,51.26178399999999
39.45342433076415,51.31541599999999
39.397970154799204,51.36738299999999
39.39796347518458,51.42292399999999
39.292677180806876,51.47789599999999
38.820842270012456,51.53569199999999
38.5582495060614,51.58955099999999
38.55825168514361,51.643350999999996
38.130528330930034,51.697948999999994
38.130819243774354,51.746939999999995
38.047059409587305,51.802206999999996
38.13361112006445,51.860657999999994
38.26676946130334,51.914762999999994
38.448517325767845,51.96548899999999
38.448517325767845,52.01407999999999
38.56130504938419,52.064344999999996
38.520112773493786,52.11328399999999
38.4212694055015,52.16324699999999
38.30103357401842,52.21583299999999
38.30103357401842,52.26764899999999
38.1401428774967,52.320981999999994
38.066747536676296,52.375944999999994
38.006349636223945,52.43078299999999
37.928097630543895,52.48316499999999
37.928104060953245,52.53868599999999
37.839651621910456,52.58612999999999
37.85010019288669,52.63255399999999
37.86503726166466,52.685044999999995
37.961360849845725,52.739630999999996
37.95180331728313,52.793231999999996
37.836592730905316,52.845637999999994
37.64345733635594,52.902880999999994
37.339790344897125,52.951682999999996
36.97217065177996,53.002373999999996
36.97217065177996,53.04979899999999
36.418632397360554,53.10938399999999
36.382653635733455,53.16340299999999
36.406496525112885,53.21319799999999
36.36585104788275,53.26499499999999
36.365867489330164,53.31829199999999
36.46179721281827,53.377084999999994
36.577528932713285,53.429441999999995
36.660388320696754,53.48120899999999
36.660388320696754,53.53061699999999
36.660388320696754,53.58448799999999
36.69215563513413,53.635628999999994
36.80972376551682,53.68752799999999
37.044173900236174,53.737207999999995
37.340965338660446,53.791987999999996
37.340965338660446,53.844162
37.958509633900995,53.895821
38.18319024051844,53.954895
38.405894874938916,54.008879
38.652605919405836,54.060163
38.65260373499117,54.112992000000006
39.33172947932585,54.1636
39.584432338106105,54.217469
39.68769576339495,54.275365
39.81418701560309,54.327418
39.92645602439953,54.380924
40.03341188140165,54.432051
40.28583338135237,54.484594
40.62616811414336,54.534408
40.896210703971356,54.58857
41.03327700260728,54.637344
41.15350327610582,54.685724
41.21387975818905,54.741146
41.213875099863884,54.792815
41.21278039357314,54.844997
41.29966049872547,54.90002
41.601102609859836,54.953706
42.13175487612734,55.00575
42.66700211197701,55.060994
42.667004523261404,55.115567
43.1243552705426,55.171392
43.9365804431008,55.228196
44.62611881325015,55.28107
45.34142918983506,55.334052
46.07953630190759,55.386136
46.302627806939135,55.440663
46.06605283006639,55.491996
46.14138418906449,55.543562
39.127271714745795,55.601565
38.132125289003866,55.654
37.65676241301599,55.706048
38.36346089264946,55.755013000000005
38.36347390109296,55.807858
38.92754405130281,55.86113
38.92736585514779,55.916432
38.36544115228259,55.972824
38.231787673224986,56.028076000000006
38.04530996130227,56.082812000000004
37.601334916813336,56.134206000000006
37.34654916969832,56.186953
36.989432839738754,56.236685
36.98963352025546,56.289278
36.92771279280097,56.339857
37.09681914177475,56.395651
37.38630889225137,56.453718
37.38631734365583,56.509437000000005
37.976350166728025,56.562352000000004
38.17160256025379,56.613362
38.24408768675633,56.66539
38.18754087131372,56.725379000000004
38.18755597823749,56.781176
37.96796812190353,56.834725
37.80083560977657,56.886675
37.60242668281454,56.937382
37.554041082299754,56.987213
37.623645028072005,57.036818
37.7795320686826,57.09051899999999
37.98418315713426,57.14407799999999
37.98423467647991,57.199262999999995
38.32192727209184,57.254087
38.32193593499858,57.302609
38.43130082581604,57.357488
38.45113034425655,57.408057
38.58295711644251,57.461121
38.58295711644251,57.514843
39.02512109490295,57.568858
39.21832000440327,57.626506
39.393718100004016,57.68059
39.4230696116092,57.732714
39.33023956861121,57.78555
39.330897490913024,57.835855
39.22431007232817,57.89184
39.261768274074356,57.949522
39.2537493830977,58.000892
39.25373607277144,58.055892
39.285467879818114,58.110287
39.43098071360758,58.159917
39.818907926672665,58.209934
40.11138519006749,58.261680999999996
40.10900952480242,58.315025
40.10900952480242,58.366592
39.34889606621086,58.422771
38.69708168470863,58.478271
38.0894918042076,58.529256
37.687491163710355,58.580856999999995
37.68737615061476,58.63083999999999
37.30421545171026,58.67910599999999
37.17761312365386,58.72797799999999
37.17760471942636,58.784305999999994
37.145849352982054,58.838241
37.05597785704143,58.889283999999996
36.67930557778329,58.94213499999999
36.22927996330978,58.99459699999999
38.569312848508694,59.04203899999999
37.64127188964456,59.09039199999999
36.86239900279455,59.143532999999984
36.432830159706086,59.19777999999998
36.432840454537015,59.24973799999998
35.972053986623244,59.30630899999998
35.60407407554702,59.360225999999976
34.89430734820097,59.41476599999998
33.97256047226596,59.47329799999998
32.97919630088212,59.52971899999998
32.04043454094414,59.57715599999998
31.184826420030845,59.62548999999998
30.56510123945912,59.67591699999998
30.145064981575665,59.730573999999976
29.815278374094255,59.78253299999997
29.70913127052582,59.83468799999997
29.75055513519881,59.88941899999997
29.921720630611212,59.941095999999966
30.202502248071667,59.995856999999965
30.382376826160982,60.04620999999997
30.38517730317353,60.10066299999997
30.194572766323123,60.15294099999997
29.83573714028671,60.21039999999997
29.418418022367863,60.26332799999997
29.080407602802502,60.314758999999974
29.08040431590024,60.36566199999997
28.821753075730893,60.42108999999997
28.509811910511022,60.475131999999974
28.551572719097344,60.53001699999997
28.6380258935311,60.580881999999974
28.702718591184198,60.631032999999974
28.804693932243755,60.683211999999976
28.85795130883334,60.733886999999974
29.194970870601995,60.78624599999998
29.194866925291482,60.841209999999975
29.1948174277008,60.900901999999974
29.494386238118707,60.955858999999975
30.232477639787827,61.006046999999974
30.640244100403727,61.057513999999976
31.055725112222557,61.10926499999998
31.457499008203392,61.16148899999998
31.457499008203392,61.21083599999998
31.878413938627794,61.26229899999998
32.821212006386695,61.31467899999998
33.15914692676021,61.36703299999998
33.46771083587058,61.41800599999998
33.68661904037637,61.471978999999976
33.86835641891824,61.527983999999975
34.10112442499356,61.57955699999997
34.30324640423758,61.637094999999974
34.3032483428524,61.68721499999997
34.42675362270008,61.738664999999976
34.4711462571927,61.789128999999974
34.610930476922576,61.840933999999976
34.71600697348315,61.89571399999998
34.84439054487189,61.94833199999998
35.09670573295653,62.00385599999998
35.26484729938958,62.055982999999976
35.30272148773941,62.107025999999976
35.195927818452994,62.15466299999998
35.04102549331207,62.20093299999998
34.94694890113738,62.252578999999976
34.946944951151295,62.306123999999976
34.74339626614805,62.35648199999998
34.51975481634188,62.408257999999975
34.341138838724,62.45919499999997
34.34113689796773,62.51281899999997
34.199351074945106,62.56494299999997
34.16635721450536,62.61825399999997
34.3284737866653,62.670010999999974
34.65239459209564,62.72349699999997
34.99294323089789,62.77823099999998
34.99294520849026,62.82769799999998
35.4806986177684,62.88492099999998
35.621169918906126,62.93975499999998
35.74101354952658,62.989188999999975
35.88366476643884,63.040647999999976
35.99753509952692,63.09429299999998
36.16055087400994,63.14300599999998
36.276427910561466,63.19346999999998
36.41443222737458,63.244363999999976
36.41443016944814,63.303219999999975
36.64061067847194,63.35666699999997
37.235842106907015,63.408403999999976
37.548097834427736,63.460724999999975
37.88916600419406,63.513439999999974
38.22574788996943,63.569165999999974
38.225566425508696,63.624150999999976
38.87759538171402,63.67802699999998
39.198894844957316,63.73270299999998
39.51856085414691,63.78683999999998
39.93993208316176,63.842746999999974
39.939936597495084,63.89057099999997
40.647165679071215,63.94584999999997
40.99888465690494,64.00155399999997
41.33485608075457,64.05621599999996
41.525006435491655,64.10504899999997
41.525006435491655,64.15964399999997
41.69458696657898,64.21431099999997
41.70337607482061,64.26693899999997
41.75006008413469,64.32595299999997
41.82688424164266,64.37645499999996
41.932144520148356,64.43240499999996
41.95091297676138,64.47803999999996
41.77033271668301,64.52905499999997
41.68276352867336,64.57685599999998
41.598572201061806,64.63315999999998
41.598567499255594,64.68434999999998
41.40529037317596,64.73803199999998
41.15440240076209,64.79386099999998
40.79618248782956,64.84710199999998
40.51570688878027,64.90085899999998
40.51570688878027,64.95070199999998
40.28371845434574,65.00171699999999
40.12239434991731,65.05542999999999
40.12239434991731,65.10795299999998
39.74655981489789,65.15847399999998
39.74655981489789,65.20575599999998
39.51452338658035,65.25884899999998
39.39904402135915,65.31236499999999
39.297083604702316,65.36082999999998
39.10521219701054,65.41186599999997
39.10521219701054,65.46432899999998
38.25311835005912,65.51784199999997
37.845365434812194,65.57261699999998
37.60915271998249,65.62707499999998
37.609144218202815,65.68121499999998
37.538341413061126,65.73086099999998
37.55217322198566,65.78393099999998
37.47514070699748,65.83433999999998
37.29763343685043,65.88424099999999
37.119419805223664,65.93372
37.05033190940699,65.98706299999999
37.08879199786909,66.03823399999999
37.233732972727836,66.08517499999999
37.39120501188681,66.13698199999999
37.53938176053519,66.19248099999999
37.78111417084304,66.24688799999998
38.66063911804256,66.30218899999998
38.66063911804256,66.35349199999999
39.08659674162605,66.40540899999999
39.471566603084,66.457472
39.47156214168912,66.51039899999999
40.15890240475033,66.56822299999999
40.41837001295919,66.62156199999998
40.75419384963506,66.67271099999998
41.09101146011833,66.73144799999997
41.091034682306336,66.78731999999997
41.167528612836755,66.83671499999997
41.167505347405815,66.88828799999997
41.16724477472657,66.93896899999997
40.7947677935461,66.99271999999998
40.771505531863696,67.04257899999998
41.00183419691045,67.09490999999997
41.21938486769875,67.14968999999996
41.40702863317585,67.20778099999997
41.407019272863025,67.26088599999997
41.551949643710685,67.30748099999997
41.91677660320182,67.35742599999996
42.13949927619314,67.40908799999995
42.446837902607676,67.46358799999996
42.750636851635285,67.52021799999996
42.98462750981359,67.57758299999996
43.13070224970324,67.63320799999997
43.17464044362511,67.68309099999996
43.0603081850809,67.73661099999997
42.98575512057589,67.78643799999996
42.99075947529574,67.83895199999996
43.03077953721687,67.88924099999997
43.075788085963325,67.93908799999997
43.05070416711986,67.99070099999997
43.05067983743046,68.04540499999997
43.07251328836165,68.09850999999998
42.75490355004203,68.15337899999997
42.639532346953914,68.20804299999998
42.56667651080743,68.26277999999998
42.463749885170444,68.31623999999998
42.27825511548072,68.36636499999997
42.087172059371014,68.42123899999997
41.92519037265389,68.47808599999998
41.82336942657085,68.53537899999998
41.69825896477845,68.58483999999997
41.69822597326315,68.63387699999997
41.47678709781015,68.68866799999996
41.443047266183214,68.73926399999996
41.40667423942473,68.78999799999997
41.46093550845096,68.84429099999997
41.443891619376224,68.89907499999997
41.27316210030484,68.95169299999996
41.06340854811345,69.00289899999996
40.73696146782831,69.05482499999995
40.526829551583546,69.10800299999995
40.487018955469814,69.16375099999995
40.52767822144513,69.21686999999994
40.58063644716649,69.26863399999995
40.699048008414145,69.31969899999994
40.82881780915893,69.36707399999995
40.82881780915893,69.41816599999994
40.88263101948072,69.47197499999994
40.882584810633084,69.52859699999995
41.005828288855334,69.58206199999995
41.005828288855334,69.63387499999995
41.34022052556598,69.68553499999994
42.36734325997363,69.73819099999994
42.736264624623466,69.78828399999995
43.014939910666286,69.84085199999994
43.30019218247377,69.89521499999994
43.30019218247377,69.94538499999993
43.62317096741052,70.00071199999994
43.75559816895343,70.05543799999994
43.81327388078683,70.10210799999994
43.91542145931184,70.15058599999995
43.915044219996275,70.19703299999995
43.984167767111764,70.25451599999995
44.26843501891608,70.30295099999995
44.38565378555247,70.35465399999995
44.544862716000026,70.40539299999995
44.544862716000026,70.45439199999994
44.648474271292514,70.51356999999994
44.64847931782326,70.56870099999995
44.94462996166359,70.62307999999994
45.00296873509202,70.67557799999994
45.02202313333982,70.72669999999995
45.12323332690028,70.78329499999995
45.19371287801433,70.83406699999995
45.26865466422325,70.88497799999995
45.41242169289116,70.93704599999995
45.41242169289116,70.99153599999995
45.57280873949464,71.04619999999996
45.58346617191312,71.10203199999995
45.56963248517815,71.15641799999995
45.50653190290548,71.21107999999994
45.51167541824824,71.26040499999993
45.53692778896992,71.30987299999994
45.53551237746389,71.35700299999993
45.40906601740964,71.40830599999994
45.33542492230129,71.45726499999994
45.3354351706522,71.51364099999994
45.11535178526045,71.56587799999994
45.014370327356225,71.61962699999994
44.88682716924283,71.67105199999993
44.682533699821,71.72584399999994
44.52855265123997,71.78134199999994
44.61271911287222,71.83135199999994
44.68734291366154,71.88216499999994
44.7371298714772,71.93242599999995
44.88438170241742,71.98037099999995
44.88436140963779,72.02928199999995
45.281561952195815,72.07712699999995
45.333848333320084,72.12907799999995
45.372211700750775,72.18164499999995
45.291794304863245,72.23015399999994
45.291794304863245,72.28220999999994
45.273989574345634,72.33287199999994
45.31743998729094,72.38510499999994
45.259467576789255,72.43712299999994
45.09329786228721,72.48875799999995
45.09329786228721,72.53670799999995
44.63942708336144,72.58934299999994
44.51108953777808,72.64016299999994
44.51108953777808,72.69600699999994
44.38636595687586,72.74934999999994
44.38636595687586,72.79949599999993
44.14724018975793,72.84838699999993
44.147235199880704,72.89923499999993
43.94847344273317,72.95356699999994
43.769110166109385,73.00810799999994
43.769110166109385,73.06102899999993
43.32352640060744,73.11511899999994
43.035517714538585,73.17299799999994
42.80613076245545,73.22829099999994
42.73332411101215,73.28662699999994
42.73591785593127,73.33771999999993
43.06260464119064,73.38838199999994
43.257811891911714,73.44060299999994
43.413830950418536,73.49561099999994
43.558145273363664,73.54933799999993
43.558135426777724,73.60151499999994
43.82593788723368,73.65461299999994
44.01690261925439,73.70359299999994
44.17191322523268,73.75258599999994
44.17192321056463,73.80757899999993
44.72914979313931,73.86103299999994
45.087003820759726,73.91372899999993
45.08712612708519,73.96576699999993
45.298003188619795,74.02229399999993
45.404963975183634,74.07611499999993
45.433262017917194,74.12850999999993
45.433262017917194,74.17905799999994
45.433262017917194,74.23286399999994
44.90523673876835,74.28851399999994
44.96941709523195,74.33670999999994
45.064734961667455,74.38253399999994
45.2563809049695,74.42867299999993
45.38037435308696,74.47900099999993
45.59395144361884,74.53252099999993
45.85345070949515,74.58556799999994
45.853492171310386,74.63674799999994
46.345685825069815,74.68915299999993
46.61094082691489,74.74156399999994
46.912637845844166,74.79139799999994
47.13808719298609,74.84032899999994
47.44735736479907,74.89141999999994
47.7454049555952,74.94556299999994
48.04962044678769,75.00060799999994
48.36964494386336,75.05683799999994
48.83590344350534,75.10873499999994
49.16069562948164,75.16026999999994
49.384818606077495,75.21125699999995
49.3848130242069,75.26222199999995
49.501529925105714,75.31522199999995
49.501524330043466,75.36802399999995
49.68380024733678,75.41891399999994
50.09907859345252,75.47659899999995
50.251125120248396,75.53251899999995
50.23014966485051,75.58520099999996
50.19127071509545,75.63284199999995
50.191673499679865,75.68799699999995
50.13646320344473,75.73959199999996
50.009429930736076,75.78952599999995
49.79766582450268,75.84040399999995
49.79767708157051,75.89199099999995
49.275996297663745,75.94785199999994
49.06141745048672,76.00367699999994
48.9897109539666,76.05336599999994
48.84009547658395,76.10831599999995
48.63553518085954,76.16033399999995
48.385309020072874,76.21113599999995
48.049059298145636,76.26265599999995
47.75893560059448,76.31486099999995
47.41497405528217,76.37546899999995
47.18064203527087,76.42857299999996
47.1807006953754,76.47725199999996
46.912277056063594,76.53266499999997
46.91343828253966,76.58426999999996
46.962142068824505,76.63902499999996
47.01246759745163,76.69377599999996
47.012260362046234,76.74849299999995
46.88639463360342,76.80804099999996
46.684855463962315,76.86109999999996
46.301724904617224,76.91167499999996
45.958435160914775,76.96324599999996
45.68859163343267,77.01917399999995
45.703428073202595,77.07004599999995
45.94705095860121,77.12252199999995
46.30223156718509,77.17321399999994
46.30193849388777,77.22780699999994
46.84524061370706,77.28050099999994
46.93345772636722,77.33194199999994
46.824831377505774,77.38272999999994
46.82816037270168,77.43680999999994
46.73981663798525,77.48755499999994
46.62783477070785,77.53762699999994
46.71102573070672,77.58910699999994
46.725856287084845,77.64277199999994
46.76028529835324,77.69869099999994
46.934317176145505,77.75409499999994
47.13922405630476,77.80970599999993
47.37650367464554,77.86149799999994
47.59362777658056,77.91319299999994
47.74493460352915,77.96932099999994
47.72360756568361,78.02657899999994
47.728359774055974,78.08296899999993
47.58905927016717,78.13870499999993
47.4434524637929,78.18477599999993
47.432673955915725,78.23288099999994
47.46216604614733,78.27887799999993
47.46210703602154,78.33180699999994
47.4698051655875,78.38407799999995
47.4698051655875,78.43728299999995
47.26441151013052,78.49515699999995
47.264347403669596,78.54343999999995
47.19136229690002,78.59814299999995
47.045265448426335,78.65312399999995
46.8458137632112,78.70357199999995
46.69742971589084,78.76094399999995
46.69760917197834,78.81703399999995
46.55897881163333,78.87366799999995
46.18083866796463,78.92144599999995
46.02026408527074,78.97376099999994
45.86113730407312,79.02509499999994
45.68613911304376,79.07175099999994
45.49248052164966,79.12253799999993
45.20554556132821,79.17343799999993
44.93010799073376,79.22580499999994
44.65717135721122,79.27701799999994
44.65717640472498,79.32685299999994
44.35525933492691,79.37695899999994
43.88444693898029,79.42531199999995
43.626736127488314,79.47620399999995
43.37300424202462,79.52969599999996
43.153035042134526,79.58601499999996
42.9046627762365,79.63802799999996
42.583455857602374,79.69178099999996
42.335801287459745,79.74934099999996
42.06322571138535,79.80049799999996
42.06321144841005,79.85239599999996
41.60031625071814,79.90754399999996
41.4189364719625,79.95790399999996
41.29963306653405,80.00733499999996
41.17328849950176,80.05682599999996
41.17674157251638,80.10969199999995
40.95802085015396,80.15987899999995
40.44625854219982,80.21573199999995
40.345195011655974,80.27046999999995
40.369395671505565,80.32431899999995
40.45308792042578,80.37940599999995
40.45309249276012,80.42916699999995
40.6151726186602,80.48333199999995
40.73579206452375,80.53301899999995
40.7911908558152,80.58660399999995
40.67318845297823,80.64066599999995
40.67319305019011,80.69592999999995
40.62830127115827,80.75199099999995
40.74434460760238,80.80403099999995
40.98263889735387,80.85430699999995
41.31791206593202,80.90838299999994
41.75470499800742,80.95773299999995
42.0767557921832,81.01169599999994
42.247376823858225,81.06684799999995
42.39228320238208,81.12454599999995
42.47638392336192,81.18115499999995
42.64371399796959,81.23247299999994
42.91770811213795,81.28333499999994
43.23343415359965,81.33135099999994
43.531438049498895,81.38369099999994
43.889904633778976,81.43420399999994
43.88959706473157,81.48588399999994
44.3348943953385,81.53638099999993
44.475751051624506,81.59066299999994
44.6735386882897,81.64391399999994
44.969042601847505,81.69616599999993
45.298319299854086,81.75312699999994
45.624247080569475,81.80225299999994
45.866896110577194,81.85174299999994
46.008135725291254,81.90005399999994
46.06994022890534,81.95644899999994
46.06300945063423,82.00612599999994
46.10595715084744,82.05910399999993
46.15703278086989,82.11024399999994
46.27654995480392,82.16567399999994
46.44653756658655,82.21742399999994
46.61296028335159,82.27593499999993
46.82628479618626,82.33228199999994
46.95602966307239,82.38500699999993
46.96591194741853,82.43661999999993
46.97776044408496,82.48650799999993
47.07900250481125,82.54203799999993
47.173108787283944,82.59663599999993
47.20761141710374,82.65163999999993
47.20761675288881,82.70622399999993
46.78207717370628,82.76257399999993
46.454705849155395,82.81550999999993
45.9594664329921,82.86612699999993
45.95812619790053,82.91754499999993
45.95686911482266,82.97269799999994
45.69679509015983,83.02684799999994
45.55690051200126,83.08594799999995
45.21208377087327,83.13784299999995
44.88928559203181,83.18946299999995
44.57500234624694,83.24070299999995
44.21296043842371,83.29767499999996
43.88401780379611,83.35704099999995
43.66539034286563,83.40647799999995
43.51331047519606,83.45822799999995
43.31853891379936,83.51383899999995
43.31853891379936,83.56317899999995
43.10500047548018,83.61305299999995
42.43871013010877,83.66532899999996
42.05917566314635,83.71816799999996
41.74984151596561,83.77330099999996
41.39714592035915,83.83246399999996
41.39713656228037,83.88551999999996
40.82021581518829,83.93956999999996
40.558893092527924,83.99454299999996
40.3417901308449,84.04960699999997
40.11352881741919,84.10542999999997
40.10989258580754,84.15801499999996
39.715696433483174,84.20873199999997
39.57460752798997,84.26230499999997
39.49924572654506,84.31274499999996
39.49923233297487,84.36559799999996
39.67630419992619,84.42244699999996
39.87354754569548,84.47546899999996
39.99712031770379,84.53034599999997
40.08820986049185,84.57970499999996
40.100905982728214,84.62982699999996
40.100905982728214,84.67762499999996
39.9080559859209,84.73392499999996
39.85868604135372,84.78746099999995
39.82853307078682,84.84048299999995
39.779347036497334,84.89420499999994
39.77992704406657,84.94958999999994
39.67336596020151,84.99980399999994
39.62781990148368,85.04895599999995
39.63130012790868,85.10003999999995
39.59912424393665,85.14991799999996
39.599155574623964,85.19932899999996
39.696374774276336,85.24877299999996
39.68736078401014,85.29925099999996
39.78940343663359,85.35336299999996
39.90018140717522,85.40337599999997
40.00804776944564,85.45822799999996
40.139539424927044,85.51506599999996
40.31682765351816,85.57214199999996
40.483743556128736,85.62879699999996
40.538740087726985,85.68229099999996
40.57418197712434,85.72980099999997
40.64626964694883,85.78304199999997
40.653114959197225,85.83590599999997
40.64772968599345,85.88328599999997
40.64660866841946,85.92973299999997
40.64661785683469,85.97699899999996
40.71935336820864,86.03242399999996
40.747303924420336,86.08234199999997
40.779363429472454,86.13396799999997
40.83914030803474,86.18454699999997
40.9834170379822,86.23690699999996
41.15326871718726,86.28808299999996
41.149808020219396,86.33558999999995
41.32655848639059,86.38485499999996
41.34357049065033,86.43520399999996
41.41607650823444,86.48631499999996
41.38033570599057,86.53595399999996
41.41499798580252,86.58924299999997
41.41475457082955,86.63904599999996
41.193004833786034,86.68644699999996
41.013615130728745,86.73258599999996
40.81297784723705,86.78271799999996
40.639809989773646,86.82940199999996
40.5028428205531,86.87809899999996
40.48780880635873,86.92960899999996
40.48780880635873,86.98161599999996
40.800344399171756,87.03601199999996
40.800344399171756,87.08731699999996
40.884800949750286,87.13870999999996
40.74509032566425,87.19041399999996
40.452117092275145,87.24629699999996
39.968398590057845,87.30371999999996
39.91101665930213,87.35487499999995
39.88629151165247,87.40682199999995
39.886084131212485,87.45745299999994
39.88609765595347,87.50956899999994
39.786055112970786,87.55629899999994
39.60358274174151,87.60291299999994
39.34804774323404,87.65232399999995
39.10398591959338,87.70919299999996
39.10398591959338,87.76074599999995
38.66006081178969,87.81116299999995
38.54250789702655,87.85862399999995
38.47398195830356,87.90912499999995
38.494059628331854,87.96377599999995
38.494055277422696,88.01384699999996
38.432198408946775,88.06380399999996
38.34857366082184,88.11913399999996
38.14718574064801,88.17672699999996
37.8300298272993,88.23538899999996
37.8300298272993,88.28574399999995
37.345793507322284,88.33579399999995
37.25242226975741,88.38774599999995
37.2984101074887,88.43675899999995
37.37797006611461,88.49042299999995
37.39784756054922,88.54118999999994
37.46707747177095,88.59333699999995
37.54595544045191,88.64916199999995
37.58626679103885,88.69977899999995
37.56431580899344,88.75185199999994
37.557734784879585,88.80594199999994
37.55773902995775,88.85713599999994
37.72803460501356,88.90914999999994
37.72803460501356,88.96247399999994
37.87217738045377,89.01134299999994
38.06646183533824,89.06318999999993
38.33048526877643,89.11210499999993
38.76288684537504,89.16070699999993
39.258275396617414,89.20796499999993
39.258275396617414,89.25640099999993
39.836742314667546,89.30979999999992
39.99514174205466,89.36557599999992
39.97885411549752,89.41783099999992
40.01250511721985,89.47473599999992
40.012500594683736,89.52971999999993
40.198747655896376,89.58234699999993
40.814117414363494,89.63267899999992
40.95193960899235,89.68635599999992
40.95193960899235,89.73568099999991
40.96766336600594,89.78992299999992
40.97599362795927,89.84487699999991
41.059924535769724,89.89856699999991
41.15739786058354,89.95557899999991
41.23778340328,90.00893899999991
41.23777874225305,90.06098499999992
41.230885084172016,90.11572999999991
41.30172084232805,90.17188699999991
41.30197292802655,90.22903499999991
41.35887461938078,90.28111699999991
41.35887461938078,90.3343039999999
41.50278100459433,90.38807199999991
41.678795923039424,90.4350389999999
41.68993713944273,90.4819099999999
41.77744144950579,90.5303269999999
41.85852803630353,90.5811679999999
41.85840975659061,90.6345629999999
42.13533490034793,90.6881049999999
42.193027528090305,90.73996899999989
42.31042591118526,90.79403299999989
42.41029396496665,90.84825699999989
42.38995012368662,90.9062179999999
42.36082888109541,90.9584739999999
42.38232683321628,91.0099529999999
42.52437634149732,91.0614199999999
42.52474643799823,91.1108409999999
42.61945832138048,91.1632149999999
42.48392172296803,91.21470799999989
42.322021686707316,91.26838399999988
42.30439899158766,91.32338999999989
42.30439421000321,91.3780309999999
42.285679090584765,91.4296649999999
42.062105109589375,91.4808049999999
41.85920542856961,91.5368739999999
41.71402655955381,91.5912119999999
41.65607155213125,91.6427709999999
41.65650000790916,91.6910139999999
41.41102998883993,91.74140399999989
41.177420809746614,91.7935789999999
40.85056535132434,91.8417349999999
40.585553070948656,91.8900519999999
40.421148589102124,91.9418499999999
40.33364381265728,91.9961209999999
40.17405727663909,92.0480959999999
40.02686283211784,92.1051209999999
39.92626815810524,92.15801499999989
39.85841837672897,92.20970499999989
39.85758943465118,92.25995199999988
39.94586091986062,92.31199899999989
39.97366431110326,92.36430499999989
39.903429731328494,92.41715799999989
39.903429731328494,92.46927199999989
39.629556399218636,92.52875499999989
39.435031436370366,92.58369199999989
39.211847244240516,92.63521499999989
39.02910096767646,92.68676899999988
38.86001703631275,92.73755099999988
38.70473702258156,92.78931999999988
38.60615267100054,92.84073899999987
38.59367283558759,92.89411999999987
38.51341766423375,92.94852899999988
38.513413311136595,93.00318399999988
38.302579780354726,93.05855499999987
38.262114125831005,93.11291299999986
38.27507955485721,93.16389899999986
38.36258475800889,93.21336699999986
38.36260643825292,93.26199599999987
38.576685960852814,93.31697099999987
38.729992289337645,93.37367399999987
38.729992289337645,93.42295499999986
39.27684785944767,93.47704999999986
39.72244680953495,93.53233899999987
40.27828252069254,93.57805599999986
40.27828252069254,93.62496199999987
40.282425365235305,93.67559299999986
40.23644872007357,93.72895799999986
40.23727188056645,93.78111399999986
40.23593023795162,93.83074799999986
40.511771857672386,93.88108399999986
40.7446352381409,93.93102699999986
40.91225388243283,93.98185399999986
41.08026613923152,94.03598199999986
41.20470451774572,94.08283699999986
41.37974869129573,94.12845999999986
41.54683712468112,94.17638699999986
41.54710949028546,94.22872399999986
41.79061063281834,94.28349199999985
41.881576025835784,94.33583899999985
41.938514095094725,94.38911599999985
42.027066316526934,94.44212899999985
42.02176030059952,94.49550899999986
42.19384919708517,94.55144599999986
42.59324134286189,94.60433399999985
42.83781394380726,94.65133199999985
43.10553575533013,94.70030499999986
43.106261703503094,94.75113999999986
43.383646786884334,94.80854199999986
43.67398224770029,94.85868499999987
43.996239385320365,94.91042899999987
43.996239385320365,94.96625599999986
43.996239385320365,95.02195399999987
44.37443649654583,95.08030899999987
45.01999382617941,95.12883999999987
45.151791657407244,95.18326199999987
45.248200359686805,95.23492799999987
45.37534738536929,95.28382799999987
45.37534738536929,95.33929399999987
45.836216400690994,95.38938399999986
46.088411538920845,95.44575399999987
46.19583739508083,95.50034099999986
46.195842616507036,95.55189199999987
46.49314021566641,95.60570999999987
46.50969881448228,95.65973899999987
46.491189264794485,95.71312299999987
46.4777264434674,95.76595799999987
46.443711406357856,95.82357899999987
46.51263134259353,95.87628899999987
46.60521646974721,95.92908999999987
46.61694763215929,95.98460199999987
46.502146148438776,96.03932699999987
46.45837903926971,96.08999899999988
46.45552769154357,96.14208899999988
46.32138080236267,96.19403299999989
46.30373154035855,96.24425799999989
46.34608723735247,96.29584099999988
46.41874396545917,96.34347899999989
46.41874396545917,96.39234299999988
46.68698270605276,96.45060699999988
46.75731375458094,96.50590799999988
46.87988089558077,96.55790399999988
46.87988089558077,96.61145999999988
46.998445553842615,96.66214199999987
47.031715508326634,96.71574999999987
47.10530888188635,96.76915099999987
47.22496544743941,96.82579099999987
47.252006471536625,96.87797499999986
47.21093035597531,96.92796199999987
47.06347090485576,96.98518799999987
46.99404088027779,97.03578299999987
46.897209580856554,97.08820699999987
46.81906664741189,97.14376399999986
46.819061355543276,97.20034199999986
46.409079173348886,97.25679099999986
46.11700814556522,97.30955299999987
45.726653225452885,97.36375199999986
45.45328129653241,97.41405799999987
45.44994192378814,97.46603299999987
45.56416062956404,97.52491499999987
45.86571542800149,97.57933699999987
46.00807117543947,97.63307099999987
46.116890630894794,97.67902699999988
46.26200150219126,97.72511799999988
46.52158001381205,97.77617699999988
47.01854193789849,97.83021699999988
47.49613777743424,97.87916799999988
47.97927200226719,97.92851499999988
47.97927200226719,97.98106999999987
48.712364579918656,98.03858899999987
48.896034710898014,98.09211499999988
48.896034710898014,98.15000799999989
49.047596855527786,98.20799599999988
49.09904290257677,98.25943299999989
49.43791629043033,98.31423799999989
49.589459382357916,98.36666199999989
49.647403880049296,98.41825599999989
49.67375571931216,98.47110899999988
49.80314814533612,98.52762099999988
49.984423777810015,98.58322899999989
50.1660089472439,98.63594899999988
50.434457334966154,98.68351999999989
50.77791301603166,98.73055199999989
50.96746584684,98.77876599999989
51.051296341247735,98.83007799999989
51.193093957292504,98.88243999999989
51.38508773290432,98.9313169999999
51.60565071347081,98.98359199999989
51.80083660958274,99.03218599999988
52.04306168139795,99.08390899999988
52.25386073992101,99.13542799999988
52.25386073992101,99.18752199999987
52.337663143128154,99.24066299999987
52.32620457769075,99.29413399999987
52.29414299604203,99.34815499999988
52.286677774483955,99.40193899999987
52.350687491165026,99.45465799999987
52.35069932535907,99.51397499999986
52.32945694225518,99.57381199999986
52.32945694225518,99.62972499999987
52.351920962874516,99.67806399999986
52.46902307196189,99.73113099999986
52.66268857414989,99.78352299999986
52.80688454116251,99.83159499999987
52.9234047234556,99.88431899999986
53.05115866979426,99.93550699999986
53.16983684411887,99.98629999999986
53.16781158064858,100.03572899999986
53.299346531173626,100.08626099999987
53.47814238730457,100.13705899999987
53.589748608938955,100.18464999999986
53.73760959270053,100.23352299999986
53.737615666558675,100.28818399999986
53.83645557131466,100.34031199999986
53.723979867287674,100.39506099999986
53.63852414166191,100.44614099999986
53.55152498921046,100.49765299999986
53.47478121645359,100.54657699999986
53.47407405076775,100.59496399999986
53.45322200501906,100.65125899999987
53.383434162388035,100.70442399999988
53.383434162388035,100.76105099999988
52.89469422559859,100.81286199999988
52.89469422559859,100.86675999999989
52.417531395609366,100.92067799999988
52.15593429983823,100.97549699999988
51.999832463780955,101.02891499999987
51.70325681340362,101.08163199999987
51.40561432162977,101.13269599999987
51.12009729872521,101.18161499999987
50.9230037432514,101.22854099999986
50.85344000635803,101.27549699999986
50.85360669447292,101.32637399999986
50.854451633549,101.37900099999986
50.64536884747831,101.43039799999985
50.436859466118285,101.48121099999986
50.23781670666693,101.53411799999986
50.23781670666693,101.58437499999987
50.02008861107679,101.63844399999986
49.51345723623421,101.68581199999987
49.2318626557316,101.73767899999987
48.950623102861215,101.78833299999987
48.708613146767846,101.84212599999987
48.46058204602274,101.89375399999986
48.27025314509239,101.94740299999985
48.26053619892411,102.00164199999985
48.0763332223411,102.05588499999985
47.86669046611575,102.11000099999984
47.69369677899846,102.16249299999984
47.690537813350794,102.21569599999984
47.45442346649047,102.27240999999984
47.34480053865571,102.32598599999984
47.261224071233485,102.38146199999984
47.26119736200945,102.43095799999985
47.14161489174194,102.48825099999985
47.0916298691703,102.53819699999985
46.97086367562763,102.59296799999986
46.96225243556485,102.64494999999985
46.755142838404694,102.70260699999986
46.37473835085848,102.75782499999985
46.374570618153214,102.81158299999986
46.4074303845926,102.86302399999985
46.41017894388278,102.91422699999985
46.41027861128638,102.96841999999985
46.24769449859308,103.02214399999986
46.108157285577505,103.07113799999985
46.10815207406161,103.12037099999985
45.974758128241874,103.16932899999985
45.7597347182542,103.22149299999985
45.253175878294506,103.27651099999986
45.02003457854989,103.33336099999985
45.02003457854989,103.38829099999985
44.652510592019404,103.44125599999985
44.65250049804548,103.49583899999985
44.431119511870364,103.54944299999985
44.323277866408,103.60622899999986
44.22447509517666,103.65763499999986
44.22447509517666,103.70194999999985
44.19880224993369,103.75086299999985
44.6485456051665,103.80089499999985
44.6485456051665,103.85171599999985
44.891541495402045,103.90440099999985
44.89057743461056,103.95457299999985
45.03023132608895,104.00442799999985
45.37783102231644,104.05708899999985
45.56494605226393,104.11075599999985
45.56494605226393,104.16106499999985
45.99914733227518,104.21518499999985
46.34105157576903,104.26807699999985
46.70067639720059,104.32331299999984
46.86834754268999,104.37415999999985
47.1215810064106,104.43018899999984
47.58404822831269,104.48424299999984
47.99333399108558,104.53591899999984
48.88189330080145,104.58730299999984
48.88139604846888,104.64249999999984
49.200722723026416,104.69651599999985
49.56565633342016,104.75177899999984
49.56566193573049,104.80894799999984
50.18121025065454,104.85808799999984
50.189355077802965,104.90988099999984
50.23842484792908,104.96211299999985
50.38023033382853,105.01271499999984
50.49940801402428,105.06459599999984
50.48333470707537,105.11493199999984
50.46257615631398,105.16869399999985
50.40305247413452,105.22225499999985
50.40305247413452,105.27331599999985
50.382144632407716,105.32573599999985
50.13946940572879,105.37827499999985
49.94947762153248,105.43279599999984
49.71990681074549,105.48876999999985
49.54614429643747,105.53863699999985
49.546172296962084,105.59448099999985
49.32176476564383,105.64819099999984
49.32243373489249,105.69994999999984
49.18312457412575,105.75267699999985
48.956798014475595,105.80821499999985
48.73675316156539,105.86240199999985
48.63217750034903,105.91321299999984
48.47856939575656,105.96325399999984
48.22646588698904,106.01477799999984
47.94484830461583,106.06994499999983
47.72154831238764,106.12676799999983
47.48143460110266,106.18733899999982
47.48143460110266,106.23944699999983
47.25260776365943,106.29249499999983
47.25290685243108,106.34567899999983
47.21240143097555,106.40118199999984
47.09807597250463,106.45663899999984
46.962126868570145,106.51011899999983
46.74041010342211,106.56071899999984
46.740415386400315,106.61445399999984
46.39388895744974,106.66390799999984
46.13751376473478,106.71697899999984
45.85399888449397,106.76965099999984
45.4934789083198,106.82373099999984
45.056194685699445,106.87579599999984
45.056194685699445,106.93031699999983
44.58656904535802,106.98138499999983
44.5865640058243,107.03076699999983
44.63543235877529,107.08341099999983
44.62589215665958,107.13599299999983
44.749625989180814,107.18698899999983
44.41621513600486,107.23930199999982
43.94817955014483,107.28522599999982
43.54581201452733,107.33516099999983
43.30394005565848,107.38496899999983
43.34367409896313,107.43784999999983
43.58226771513424,107.48764799999982
43.976521684293495,107.53750299999982
44.27240547406818,107.58989799999982
44.44040058182636,107.64130599999982
44.249747116331136,107.68843099999981
44.15963575047794,107.73499099999981
43.90168648927633,107.7819289999998
43.69044892305901,107.83058099999981
43.61879989742598,107.88159099999982
43.61880975772326,107.93422899999982
43.65587462359947,107.98379999999982
43.44449246971398,108.03468199999982
43.21928954888268,108.08710399999983
43.029502695147364,108.13874399999983
43.00990748636658,108.18898099999983
43.06864689701086,108.23899499999983
43.237613993839204,108.29025199999984
43.4374753606076,108.34722199999985
43.622485847805336,108.40499099999984
43.65046680564884,108.45560299999984
43.723786935857035,108.51035499999983
43.754506501873706,108.56321699999984
43.77111344822079,108.61076299999984
43.77130639543041,108.66096499999983
43.77130144804425,108.71214499999984
43.62272156375248,108.75860799999984
43.75120785810806,108.80304099999984
43.75120785810806,108.85241799999984
43.99670312030016,108.90917099999984
44.52534822142712,108.95918699999984
44.78592691159109,109.01147799999984
44.940826154245926,109.06098299999984
45.05276982182442,109.11380499999984
45.17553324219666,109.16089199999985
45.44840850351712,109.20746799999985
45.99601205925391,109.25608299999985
45.99601205925391,109.30905199999985
46.16763097767568,109.36113199999986
46.20977346851766,109.41447699999985
46.20979436052317,109.46190499999985
45.83872605988395,109.51030599999984
45.68456872309809,109.56107899999985
45.6749230463793,109.61924299999986
45.67113889849869,109.67199299999986
45.67113889849869,109.72298599999986
46.07755264966048,109.78088399999986
46.256043169364574,109.83514299999986
46.402140860689975,109.88778699999986
46.402140860689975,109.94165299999986
46.437097081397226,109.99616399999987
46.32692696649984,110.04847899999986
46.206409597356846,110.10092999999986
46.21102117184624,110.15269099999986
46.30934682758536,110.20030999999986
46.30935206184132,110.25254899999986
46.59824638380281,110.30971399999986
46.65422310031113,110.36073899999985
46.65422310031113,110.41124899999986
46.64687220840644,110.46714299999985
46.63210947215704,110.52056199999986
46.622221569170186,110.56933399999986
46.68274315015275,110.62031299999985
46.8507720260679,110.66880199999986
46.8507720260679,110.71850799999986
47.0576176846723,110.77146499999986
47.13874582261902,110.82405699999987
47.18866919505531,110.87722499999987
47.26598569948732,110.92966799999986
47.26574529225211,110.98419399999986
47.40422984012467,111.03384499999986
47.536160082745454,111.08473199999986
47.55618495667716,111.13389999999985
47.46465095403374,111.18405199999985
47.358400342309494,111.23584399999986
47.35840569513795,111.28691499999985
47.58955691235225,111.34319999999985
47.90624292526624,111.40004899999985
47.994140562686425,111.45585999999986
47.918661496412504,111.50986699999986
47.901270226919124,111.55974999999985
47.851340585304825,111.61129199999985
47.680398126702585,111.66490599999985
47.45423398420299,111.71941499999984
47.27718491989629,111.77063199999984
47.27800784181624,111.82345999999984
47.046468851453234,111.88067799999985
46.92304270076974,111.93121799999984
46.84563635489733,111.98513299999985
46.65679475462364,112.04004599999985
46.65687913106091,112.09159399999984
46.680003590220444,112.14471299999984
46.959106679720485,112.19889799999984
47.147344156029384,112.25493499999985
47.22472617557982,112.30842699999985
47.28616332725907,112.36083999999985
47.43612389975032,112.41209599999985
47.556529651795756,112.46197799999985
47.46146883965609,112.52534899999985
47.243510095018685,112.58010099999984
47.243510095018685,112.63329499999985
46.91219421916922,112.68361999999985
46.9122048239585,112.73524199999984
46.32428047605407,112.78695299999984
46.32339560153778,112.83690499999985
45.636321989995835,112.89157799999984
45.35488108554319,112.94625599999983
45.12656774247737,113.00184999999983
45.12656774247737,113.05590899999983
44.773501274547726,113.10738899999983
44.65685806901782,113.16024599999983
44.67402959037005,113.21025399999984
44.7532196319266,113.26137699999984
44.85147846748321,113.31483199999984
45.046485997662685,113.36831599999984
45.14942629328768,113.42443999999983
45.40845210209333,113.48128399999983
45.51914834311189,113.53165399999983
45.39202713212221,113.57571999999983
45.392032262695295,113.62645099999983
45.17111489105004,113.68110899999984
44.84487701903982,113.72810999999983
44.7039764688898,113.77660899999984
44.70593695686247,113.82581599999983
44.59444194603968,113.87731899999983
44.660567262957954,113.93078999999983
44.855976426744256,113.98594399999983
45.076764103681995,114.03968899999984
45.211010665070695,114.09094899999984
45.20937542886319,114.14693499999984
45.38961282059664,114.20024999999984
45.81426828975491,114.25224299999984
45.90018143505422,114.30946599999983
45.95184362657014,114.36104099999983
45.93259522563697,114.41310199999982
45.93260560898189,114.46448999999983
46.17242978065585,114.51913499999982
46.30005505760693,114.57255499999982
46.32858126204747,114.62781999999983
46.328591734907455,114.68001899999983
46.34031086788076,114.72862099999983
46.296680362336794,114.78024699999983
46.31986700679181,114.83569699999983
46.40848738494122,114.88176999999983
46.40284851369162,114.92533399999984
46.40289571711011,114.97136499999984
46.351585549014715,115.01824999999984
46.35426269340757,115.07275699999984
46.44346233288819,115.12300599999983
